TIMESTAMP,"BOX STATUS","CUMMULATIVE ENERGY",LATITUDE,LONGITUDE,"DEVICE ID","CURRENT POWER",DATE/TIME
1709905848,closed,0.170000002,7.318498135,8.939932823,0001,0,"Mar 8, 2:50 pm"
1709905842,closed,0.170000002,7.318498135,8.939930916,0001,0,"Mar 8, 2:50 pm"
1709905835,closed,0.170000002,7.318498135,8.939927101,0001,0,"Mar 8, 2:50 pm"
1709905829,closed,0.170000002,7.318499565,8.939928055,0001,0,"Mar 8, 2:50 pm"
1709905822,closed,0.170000002,7.318498135,8.939925194,0001,0,"Mar 8, 2:50 pm"
1709905816,closed,0.170000002,7.318497181,8.939923286,0001,0,"Mar 8, 2:50 pm"
1709905809,closed,0.170000002,7.318496704,8.939922333,0001,0,"Mar 8, 2:50 pm"
1709905803,closed,0.170000002,7.318494797,8.939917564,0001,0,"Mar 8, 2:50 pm"
1709905796,closed,0.170000002,7.318492889,8.939911842,0001,0,"Mar 8, 2:49 pm"
1709905790,closed,0.170000002,7.318490982,8.93990612,0001,0,"Mar 8, 2:49 pm"
1709905783,closed,0.170000002,7.318489552,8.939901352,0001,0,"Mar 8, 2:49 pm"
1709905777,closed,0.170000002,7.318483353,8.939891815,0001,0,"Mar 8, 2:49 pm"
1709905770,closed,0.170000002,7.318480968,8.939886093,0001,0,"Mar 8, 2:49 pm"
1709905764,closed,0.170000002,7.318479538,8.939886093,0001,0,"Mar 8, 2:49 pm"
1709905757,closed,0.170000002,7.318476677,8.939883232,0001,0,"Mar 8, 2:49 pm"
1709905751,closed,0.170000002,7.318479061,8.939886093,0001,0,"Mar 8, 2:49 pm"
1709905744,closed,0.170000002,7.318489075,8.939898491,0001,0,"Mar 8, 2:49 pm"
1709905738,closed,0.170000002,7.318490028,8.939899445,0001,0,"Mar 8, 2:48 pm"
1709905730,closed,0.170000002,7.318504333,8.939914703,0001,0.002000004,"Mar 8, 2:48 pm"
1709905724,closed,0.167999998,7.318511486,8.939921379,0001,0.003999993,"Mar 8, 2:48 pm"
1709905719,closed,0.164000005,7.318517208,8.939925194,0001,0.001000002,"Mar 8, 2:48 pm"
1709905713,closed,0.163000003,7.318517685,8.939919472,0001,0.002000005,"Mar 8, 2:48 pm"
1709905707,closed,0.160999998,7.318522453,8.939921379,0001,0.004999995,"Mar 8, 2:48 pm"
1709905701,closed,0.156000003,7.318527222,8.939921379,0001,0,"Mar 8, 2:48 pm"
1709905695,closed,0.156000003,7.318534374,8.939923286,0001,0.003000006,"Mar 8, 2:48 pm"
1709905688,closed,0.152999997,7.318541527,8.939926147,0001,0.002000004,"Mar 8, 2:48 pm"
1709905681,closed,0.150999993,7.318549156,8.939934731,0001,0.001999989,"Mar 8, 2:48 pm"
1709905674,closed,0.149000004,7.318547249,8.939934731,0001,0.002000004,"Mar 8, 2:47 pm"
1709905666,closed,0.147,7.318546772,8.939934731,0001,0.002000004,"Mar 8, 2:47 pm"
1709905657,closed,0.144999996,7.318549633,8.939934731,0001,0,"Mar 8, 2:47 pm"
1709905651,closed,0.144999996,7.318549633,8.939933777,0001,0.001000002,"Mar 8, 2:47 pm"
1709905645,closed,0.143999994,7.318545818,8.939935684,0001,0.00099998699999998,"Mar 8, 2:47 pm"
1709905637,closed,0.143000007,7.318546295,8.939940453,0001,0.001000002,"Mar 8, 2:47 pm"
1709905631,closed,0.142000005,7.318544865,8.939944267,0001,0.001000002,"Mar 8, 2:47 pm"
1709905625,closed,0.141000003,7.318544388,8.939949989,0001,0.001000002,"Mar 8, 2:47 pm"
1709905617,closed,0.140000001,7.318542004,8.939954758,0001,0.001000002,"Mar 8, 2:46 pm"
1709905610,closed,0.138999999,7.318535805,8.939949036,0001,0.001000002,"Mar 8, 2:46 pm"
1709905603,closed,0.137999997,7.318535805,8.93995285,0001,0.001000002,"Mar 8, 2:46 pm"
1709905596,closed,0.136999995,7.318535805,8.939958572,0001,0.00099998800000001,"Mar 8, 2:46 pm"
1709905591,closed,0.136000007,7.318535805,8.939965248,0001,0.001000002,"Mar 8, 2:46 pm"
1709905585,closed,0.135000005,7.318540096,8.939973831,0001,0,"Mar 8, 2:46 pm"
1709905578,closed,0.135000005,7.318545818,8.939984322,0001,0.001000002,"Mar 8, 2:46 pm"
1709905572,closed,0.134000003,7.318546772,8.939984322,0001,0.002000004,"Mar 8, 2:46 pm"
1709905567,closed,0.131999999,7.318548679,8.939988136,0001,0,"Mar 8, 2:46 pm"
1709905560,closed,0.131999999,7.318551064,8.939990044,0001,0.001000002,"Mar 8, 2:46 pm"
1709905554,closed,0.130999997,7.318549633,8.939997673,0001,0.002000004,"Mar 8, 2:45 pm"
1709905548,closed,0.128999993,7.318549633,8.940002441,0001,0,"Mar 8, 2:45 pm"
1709905541,closed,0.128999993,7.318545341,8.940015793,0001,0.00099998700000001,"Mar 8, 2:45 pm"
1709905535,closed,0.128000006,7.318544865,8.940019608,0001,0,"Mar 8, 2:45 pm"
1709905530,closed,0.128000006,7.31854248,8.940010071,0001,0.002000004,"Mar 8, 2:45 pm"
1709905524,closed,0.126000002,7.318536758,8.940006256,0001,0,"Mar 8, 2:45 pm"
1709905518,closed,0.126000002,7.318529606,8.93999958,0001,0.001000002,"Mar 8, 2:45 pm"
1709905511,closed,0.125,7.318521976,8.939988136,0001,0.001000002,"Mar 8, 2:45 pm"
1709905505,closed,0.123999998,7.318514347,8.939975739,0001,0.000999995,"Mar 8, 2:45 pm"
1709905500,closed,0.123000003,7.318511486,8.939964294,0001,0.001000002,"Mar 8, 2:45 pm"
1709905493,closed,0.122000001,7.318506241,8.939949989,0001,0.001000002,"Mar 8, 2:44 pm"
1709905487,closed,0.120999999,7.318496227,8.939926147,0001,0.001000002,"Mar 8, 2:44 pm"
1709905481,closed,0.119999997,7.318487644,8.939907074,0001,0,"Mar 8, 2:44 pm"
1709905474,closed,0.119999997,7.318501949,8.939908981,0001,0.001999996,"Mar 8, 2:44 pm"
1709905468,closed,0.118000001,7.318508148,8.939911842,0001,0,"Mar 8, 2:44 pm"
1709905461,closed,0.118000001,7.318518639,8.939915657,0001,0.001000002,"Mar 8, 2:44 pm"
1709905455,closed,0.116999999,7.318538189,8.939925194,0001,0.001000002,"Mar 8, 2:44 pm"
1709905449,closed,0.115999997,7.318547249,8.939936638,0001,0.00099999499999999,"Mar 8, 2:44 pm"
1709905443,closed,0.115000002,7.318555355,8.939953804,0001,0.002000004,"Mar 8, 2:44 pm"
1709905437,closed,0.112999998,7.318560123,8.939964294,0001,0,"Mar 8, 2:43 pm"
1709905428,closed,0.112999998,7.318565845,8.939974785,0001,0.000999995,"Mar 8, 2:43 pm"
1709905423,closed,0.112000003,7.318567276,8.939969063,0001,0.001000002,"Mar 8, 2:43 pm"
1709905418,closed,0.111000001,7.318568707,8.939971924,0001,0.001000002,"Mar 8, 2:43 pm"
1709905412,closed,0.109999999,7.318567276,8.939973831,0001,0.001000002,"Mar 8, 2:43 pm"
1709905406,closed,0.108999997,7.318565369,8.939973831,0001,0.000999994,"Mar 8, 2:43 pm"
1709905400,closed,0.108000003,7.318570137,8.939974785,0001,0.001000002,"Mar 8, 2:43 pm"
1709905394,closed,0.107000001,7.31856823,8.939969063,0001,0.002000004,"Mar 8, 2:43 pm"
1709905388,closed,0.104999997,7.318562984,8.939969063,0001,0,"Mar 8, 2:43 pm"
1709905381,closed,0.104999997,7.318562984,8.939968109,0001,0.001999997,"Mar 8, 2:43 pm"
1709905376,closed,0.103,7.318564415,8.939967155,0001,0.001000002,"Mar 8, 2:42 pm"
1709905368,closed,0.101999998,7.318563461,8.939965248,0001,0.00099999399999999,"Mar 8, 2:42 pm"
1709905361,closed,0.101000004,7.318558216,8.939964294,0001,0.001000003,"Mar 8, 2:42 pm"
1709905355,closed,0.100000001,7.318537235,8.939945221,0001,0.001000002,"Mar 8, 2:42 pm"
1709905349,closed,0.098999999,7.318527699,8.939936638,0001,0.001000002,"Mar 8, 2:42 pm"
1709905343,closed,0.097999997,7.318518162,8.939921379,0001,0.000999994,"Mar 8, 2:42 pm"
1709905337,closed,0.097000003,7.318511486,8.939915657,0001,0.003000006,"Mar 8, 2:42 pm"
1709905331,closed,0.093999997,7.31851244,8.939923286,0001,0.001999997,"Mar 8, 2:42 pm"
1709905326,closed,0.092,7.318515778,8.939932823,0001,0.001000002,"Mar 8, 2:42 pm"
1709905320,closed,0.090999998,7.318517685,8.939936638,0001,0.001999996,"Mar 8, 2:42 pm"
1709905314,closed,0.089000002,7.3185215,8.939945221,0001,0.004000001,"Mar 8, 2:41 pm"
1709905307,closed,0.085000001,7.318525791,8.939955711,0001,0.001000002,"Mar 8, 2:41 pm"
1709905301,closed,0.083999999,7.318527222,8.939963341,0001,0.002999999,"Mar 8, 2:41 pm"
1709905296,closed,0.081,7.318524837,8.939966202,0001,0.001999996,"Mar 8, 2:41 pm"
1709905288,closed,0.079000004,7.318523407,8.939971924,0001,0.002000004,"Mar 8, 2:41 pm"
1709905283,closed,0.077,7.318525314,8.939976692,0001,0.002999999,"Mar 8, 2:41 pm"
1709905277,closed,0.074000001,7.318525314,8.9399786,0001,0.002000004,"Mar 8, 2:41 pm"
1709905271,closed,0.071999997,7.318525314,8.939982414,0001,0.00099999499999999,"Mar 8, 2:41 pm"
1709905263,closed,0.071000002,7.318523884,8.939994812,0001,0.004,"Mar 8, 2:41 pm"
1709905257,closed,0.067000002,7.318521976,8.940000534,0001,0.004000001,"Mar 8, 2:40 pm"
1709905249,closed,0.063000001,7.318518639,8.940010071,0001,0,"Mar 8, 2:40 pm"
1709905243,closed,0.063000001,7.318516731,8.940013885,0001,0.004000001,"Mar 8, 2:40 pm"
1709905236,closed,0.059,7.318517208,8.940022469,0001,0.001000002,"Mar 8, 2:40 pm"
1709905230,closed,0.057999998,7.31851387,8.940027237,0001,0.003999997,"Mar 8, 2:40 pm"
1709905224,closed,0.054000001,7.318511963,8.940030098,0001,0.001000002,"Mar 8, 2:40 pm"
1709905217,closed,0.052999999,7.318509102,8.940028191,0001,0.002999998,"Mar 8, 2:40 pm"
1709905211,closed,0.050000001,7.318507195,8.940028191,0001,0.003000003,"Mar 8, 2:40 pm"
1709905205,closed,0.046999998,7.31850481,8.940030098,0001,0.003999997,"Mar 8, 2:40 pm"
1709905199,closed,0.043000001,7.31850481,8.940032005,0001,0.002,"Mar 8, 2:39 pm"
1709905191,closed,0.041000001,7.318502903,8.940030098,0001,0.002,"Mar 8, 2:39 pm"
1709905183,closed,0.039000001,7.318500996,8.940028191,0001,0.002000001,"Mar 8, 2:39 pm"
1709905176,closed,0.037,7.318500996,8.94002533,0001,0.004,"Mar 8, 2:39 pm"
1709905170,closed,0.033,7.318501472,8.940022469,0001,0.000999998,"Mar 8, 2:39 pm"
1709905163,closed,0.032000002,7.318500042,8.940015793,0001,0.005000001,"Mar 8, 2:39 pm"
1709905157,closed,0.027000001,7.318500042,8.940012932,0001,0,"Mar 8, 2:39 pm"
1709905150,closed,0.027000001,7.318500996,8.940008163,0001,0.004000001,"Mar 8, 2:39 pm"
1709905144,closed,0.023,7.318500996,8.940004349,0001,0.001,"Mar 8, 2:39 pm"
1709905137,closed,0.022,7.318499565,8.939997673,0001,0.003000001,"Mar 8, 2:38 pm"
1709905132,closed,0.018999999,7.318500042,8.939993858,0001,0.003999999,"Mar 8, 2:38 pm"
1709905126,closed,0.015,7.318496227,8.939990044,0001,0,"Mar 8, 2:38 pm"
1709905121,closed,0.015,7.318497658,8.939993858,0001,0.004,"Mar 8, 2:38 pm"
1709905115,closed,0.011,7.31849575,8.939991951,0001,0.001,"Mar 8, 2:38 pm"
1709905109,closed,0.01,7.318491936,8.93998909,0001,0.001,"Mar 8, 2:38 pm"
1709905103,closed,0.009,7.318495274,8.939994812,0001,0,"Mar 8, 2:38 pm"
1709905097,closed,0.009,7.318500042,8.939997673,0001,0.001,"Mar 8, 2:38 pm"
1709905089,closed,0.008,7.318505764,8.940009117,0001,0,"Mar 8, 2:38 pm"
1709905083,closed,0.008,7.31851387,8.940015793,0001,0,"Mar 8, 2:38 pm"
1709905076,closed,0.008,7.318528175,8.940040588,0001,0.001,"Mar 8, 2:37 pm"
1709905071,closed,0.007,7.318541527,8.940058708,0001,0,"Mar 8, 2:37 pm"
1709905065,closed,0.007,7.318537235,8.940040588,0001,0,"Mar 8, 2:37 pm"
1709905057,closed,0.007,7.318525791,8.940012932,0001,0,"Mar 8, 2:37 pm"
1709905050,closed,0.007,7.318515301,8.939992905,0001,0.001,"Mar 8, 2:37 pm"
1709905044,closed,0.006,7.31850481,8.939982414,0001,0,"Mar 8, 2:37 pm"
1709905036,closed,0.006,7.318505764,8.939983368,0001,0,"Mar 8, 2:37 pm"
1709905028,closed,0.006,7.318511009,8.939991951,0001,0,"Mar 8, 2:37 pm"
1709905023,closed,0.006,7.3185215,8.940003395,0001,0,"Mar 8, 2:37 pm"
1709905017,closed,0.006,7.318529129,8.940012932,0001,0.001,"Mar 8, 2:36 pm"
1709905012,closed,0.005,7.318525791,8.939992905,0001,0,"Mar 8, 2:36 pm"
1709905006,closed,0.005,7.318526745,8.939981461,0001,0,"Mar 8, 2:36 pm"
1709905000,closed,0.005,7.318532944,8.939986229,0001,0,"Mar 8, 2:36 pm"
1709904993,closed,0.005,7.318542004,8.939994812,0001,0.001,"Mar 8, 2:36 pm"
1709904988,closed,0.004,7.318545818,8.940001488,0001,0,"Mar 8, 2:36 pm"
1709904980,closed,0.004,7.31855154,8.940009117,0001,0.001,"Mar 8, 2:36 pm"
1709904974,closed,0.003,7.318554401,8.940015793,0001,0,"Mar 8, 2:36 pm"
1709904967,closed,0.003,7.318562508,8.940030098,0001,0,"Mar 8, 2:36 pm"
1709904961,closed,0.003,7.318572998,8.940049171,0001,0,"Mar 8, 2:36 pm"
1709904955,closed,0.003,7.318578243,8.940059662,0001,0.001,"Mar 8, 2:35 pm"
1709904947,closed,0.002,7.318580151,8.940076828,0001,0,"Mar 8, 2:35 pm"
1709904939,closed,0.002,7.318582058,8.940088272,0001,0,"Mar 8, 2:35 pm"
1709904931,closed,0.002,7.318579674,8.940094948,0001,0,"Mar 8, 2:35 pm"
1709904926,closed,0.002,7.318584442,8.940090179,0001,0,"Mar 8, 2:35 pm"
1709904921,closed,0.002,7.318587303,8.940085411,0001,0,"Mar 8, 2:35 pm"
1709904914,closed,0.002,7.318588734,8.94008255,0001,0.001,"Mar 8, 2:35 pm"
1709904909,closed,0.001,7.318587303,8.940077782,0001,0,"Mar 8, 2:35 pm"
1709904903,closed,0.001,7.318594456,8.940070152,0001,0,"Mar 8, 2:35 pm"
1709904896,closed,0.001,7.318597794,8.940096855,0001,0,"Mar 8, 2:34 pm"
1709904890,closed,0.001,7.318593979,8.940102577,0001,0,"Mar 8, 2:34 pm"
1709904883,closed,0.001,7.318590164,8.940091133,0001,0,"Mar 8, 2:34 pm"
1709904877,closed,0.001,7.318585396,8.940059662,0001,0,"Mar 8, 2:34 pm"
1709904869,closed,0.001,7.318579197,8.940022469,0001,0,"Mar 8, 2:34 pm"
1709904862,closed,0.001,7.318576336,8.940021515,0001,0,"Mar 8, 2:34 pm"
1709904856,closed,0.001,7.318563461,8.940004349,0001,0.001,"Mar 8, 2:34 pm"
1709904851,closed,0,7.318550587,8.939985275,0001,0,"Mar 8, 2:34 pm"
1709904844,closed,0,7.318555832,8.940011978,0001,0,"Mar 8, 2:34 pm"
1709904836,closed,0,7.318571568,8.940073967,0001,0,"Mar 8, 2:33 pm"
1709904829,closed,0,7.318573952,8.940119743,0001,0,"Mar 8, 2:33 pm"
1709904823,closed,0,7.318583488,8.940175056,0001,0,"Mar 8, 2:33 pm"
1709904816,closed,0,7.318592072,8.940264702,0001,0,"Mar 8, 2:33 pm"
1709904810,closed,0,7.3186059,8.94032383,0001,0,"Mar 8, 2:33 pm"
1709904803,closed,0,7.318618298,8.94037056,0001,0,"Mar 8, 2:33 pm"
1709904797,closed,0,7.318618298,8.940382957,0001,0,"Mar 8, 2:33 pm"
1709904790,closed,0,7.318598747,8.940299034,0001,0,"Mar 8, 2:33 pm"
1709904784,closed,0,7.318572998,8.940193176,0001,0,"Mar 8, 2:33 pm"
1709904777,closed,0,7.318548679,8.940083504,0001,0,"Mar 8, 2:32 pm"
1709904771,closed,0,7.318553448,8.940074921,0001,0,"Mar 8, 2:32 pm"
1709904764,closed,0,7.318556309,8.940089226,0001,0,"Mar 8, 2:32 pm"
1709904758,closed,0,7.318566799,8.940104485,0001,0,"Mar 8, 2:32 pm"
1709904751,closed,0,7.318572521,8.940105438,0001,0,"Mar 8, 2:32 pm"
1709904745,closed,0,7.318553448,8.940028191,0001,0,"Mar 8, 2:32 pm"
1709904738,closed,0,7.318554401,8.9400177,0001,0,"Mar 8, 2:32 pm"
1709904732,closed,0,7.318542004,8.940080643,0001,0,"Mar 8, 2:32 pm"
1709904725,closed,0,7.318527699,8.940012932,0001,0,"Mar 8, 2:32 pm"
1709904719,closed,0,7.318521023,8.939981461,0001,0,"Mar 8, 2:31 pm"
1709904713,closed,0,7.3185215,8.940013885,0001,0,"Mar 8, 2:31 pm"
1709904706,closed,0,7.318510532,8.940008163,0001,0,"Mar 8, 2:31 pm"
1709904700,closed,0,7.318457603,8.940091133,0001,0,"Mar 8, 2:31 pm"
1709904693,closed,0,7.318300247,8.939591408,0001,0,"Mar 8, 2:31 pm"
1709904687,closed,0,7.318300247,8.939591408,0001,0,"Mar 8, 2:31 pm"
1709904680,closed,0,7.318325043,8.939580917,0001,0,"Mar 8, 2:31 pm"
1709904674,closed,0,7.318316936,8.939630508,0001,0,"Mar 8, 2:31 pm"
1709904667,closed,0,7.318338394,8.939644814,0001,0,"Mar 8, 2:31 pm"
1709904661,closed,0,7.318364143,8.93959713,0001,0,"Mar 8, 2:31 pm"
1709904655,closed,0,7.318368912,8.939582825,0001,0,"Mar 8, 2:30 pm"
1709904524,closed,0,7.318343163,8.93967247,0001,0,"Mar 8, 2:28 pm"
1709904517,closed,0,7.318353176,8.939674377,0001,0,"Mar 8, 2:28 pm"
1709904511,closed,0,7.318394661,8.939668655,0001,0,"Mar 8, 2:28 pm"
1709904504,closed,0,0,0,0001,0,"Mar 8, 2:28 pm"
1709904498,closed,0,0,0,0001,0,"Mar 8, 2:28 pm"
1709904492,closed,0,0,0,0001,0,"Mar 8, 2:28 pm"
1709904485,closed,0,0,0,0001,0,"Mar 8, 2:28 pm"
1709904479,closed,0,0,0,0001,0,"Mar 8, 2:27 pm"
1709904472,closed,0,0,0,0001,0,"Mar 8, 2:27 pm"
1709904466,closed,0,0,0,0001,0,"Mar 8, 2:27 pm"
1709904375,closed,0,0,0,0001,0,"Mar 8, 2:26 pm"
1709904369,closed,0,0,0,0001,0,"Mar 8, 2:26 pm"
1709904362,closed,0,0,0,0001,0,"Mar 8, 2:26 pm"
1709904355,closed,0,0,0,0001,0,"Mar 8, 2:25 pm"
1709904027,opened,0,0,0,0001,0,"Mar 8, 2:20 pm"
1709904021,opened,0,0,0,0001,0,"Mar 8, 2:20 pm"
1709904012,opened,0,0,0,0001,0,"Mar 8, 2:20 pm"
1709904007,opened,0,0,0,0001,0,"Mar 8, 2:20 pm"
1709904000,opened,0,0,0,0001,0,"Mar 8, 2:20 pm"
1709903995,opened,0,0,0,0001,0,"Mar 8, 2:19 pm"
1709903988,opened,0,0,0,0001,0,"Mar 8, 2:19 pm"
1709903982,opened,0,0,0,0001,0,"Mar 8, 2:19 pm"
1709903975,opened,0,0,0,0001,0,"Mar 8, 2:19 pm"
1709900657,closed,0,0,0,0001,0,"Mar 8, 1:24 pm"
1709900650,closed,0,0,0,0001,0,"Mar 8, 1:24 pm"
1709900644,closed,0,0,0,0001,0,"Mar 8, 1:24 pm"
1709900638,closed,0,0,0,0001,0,"Mar 8, 1:23 pm"
1709900631,closed,0,0,0,0001,0,"Mar 8, 1:23 pm"
1709900625,closed,0,0,0,0001,0,"Mar 8, 1:23 pm"
1709900618,closed,0,0,0,0001,0,"Mar 8, 1:23 pm"
1709900612,closed,0,0,0,0001,0,"Mar 8, 1:23 pm"
1709900605,closed,0,0,0,0001,0,"Mar 8, 1:23 pm"
1709900599,closed,0,0,0,0001,0,"Mar 8, 1:23 pm"
1709900592,closed,0,0,0,0001,0,"Mar 8, 1:23 pm"
1709900586,closed,0,0,0,0001,0,"Mar 8, 1:23 pm"
1709900580,closed,0,0,0,0001,0,"Mar 8, 1:23 pm"
1709900534,closed,0,0,0,0001,0,"Mar 8, 1:22 pm"
1709900528,closed,0,0,0,0001,0,"Mar 8, 1:22 pm"
1709900521,closed,0,0,0,0001,0,"Mar 8, 1:22 pm"
1709900515,closed,0,0,0,0001,0,"Mar 8, 1:21 pm"
1709900509,closed,0,0,0,0001,0,"Mar 8, 1:21 pm"
1709900502,closed,0,0,0,0001,0,"Mar 8, 1:21 pm"
1709900496,closed,0,0,0,0001,0,"Mar 8, 1:21 pm"
1709900489,closed,0,0,0,0001,0,"Mar 8, 1:21 pm"
1709900483,closed,0,0,0,0001,0,"Mar 8, 1:21 pm"
1709900476,closed,0,0,0,0001,0,"Mar 8, 1:21 pm"
1709900470,closed,0,0,0,0001,0,"Mar 8, 1:21 pm"
1709900463,closed,0,0,0,0001,0,"Mar 8, 1:21 pm"
1709900457,closed,0,0,0,0001,0,"Mar 8, 1:20 pm"
1709900450,closed,0,0,0,0001,0,"Mar 8, 1:20 pm"
1709900444,closed,0,0,0,0001,0,"Mar 8, 1:20 pm"
1709900437,closed,0,0,0,0001,0,"Mar 8, 1:20 pm"
1709900431,closed,0,0,0,0001,0,"Mar 8, 1:20 pm"
1709900424,closed,0,0,0,0001,0,"Mar 8, 1:20 pm"
1709900418,closed,0,0,0,0001,0,"Mar 8, 1:20 pm"
1709900411,closed,0,0,0,0001,0,"Mar 8, 1:20 pm"
1709900405,closed,0,0,0,0001,0,"Mar 8, 1:20 pm"
1709900398,closed,0,0,0,0001,0,"Mar 8, 1:19 pm"
1709900392,closed,0,0,0,0001,0,"Mar 8, 1:19 pm"
1709900385,closed,0,0,0,0001,0,"Mar 8, 1:19 pm"
1709900379,closed,0,0,0,0001,0,"Mar 8, 1:19 pm"
1709900373,closed,0,0,0,0001,0,"Mar 8, 1:19 pm"
1709900366,closed,0,0,0,0001,0,"Mar 8, 1:19 pm"
1709900360,closed,0,0,0,0001,0,"Mar 8, 1:19 pm"
1709900353,closed,0,0,0,0001,0,"Mar 8, 1:19 pm"
1709900346,closed,0,0,0,0001,0,"Mar 8, 1:19 pm"
1709900340,closed,0,0,0,0001,0,"Mar 8, 1:19 pm"
1709900333,closed,0,0,0,0001,0,"Mar 8, 1:18 pm"
1709900327,closed,0,0,0,0001,0,"Mar 8, 1:18 pm"
1709900321,closed,0,0,0,0001,0,"Mar 8, 1:18 pm"
1709900314,closed,0,0,0,0001,0,"Mar 8, 1:18 pm"
1709900308,closed,0,0,0,0001,0,"Mar 8, 1:18 pm"
1709900301,closed,0,0,0,0001,0,"Mar 8, 1:18 pm"
1709900258,closed,0,0,0,0001,0,"Mar 8, 1:17 pm"
1709900251,closed,0,0,0,0001,0,"Mar 8, 1:17 pm"
1709900245,closed,0,0,0,0001,0,"Mar 8, 1:17 pm"
1709900239,closed,0,0,0,0001,0,"Mar 8, 1:17 pm"
1709900232,closed,0,0,0,0001,0,"Mar 8, 1:17 pm"
1709900226,closed,0,0,0,0001,0,"Mar 8, 1:17 pm"
1709900219,closed,0,0,0,0001,0,"Mar 8, 1:16 pm"
1709900212,closed,0,0,0,0001,0,"Mar 8, 1:16 pm"
1709900206,closed,0,0,0,0001,0,"Mar 8, 1:16 pm"
1709900200,closed,0,0,0,0001,0,"Mar 8, 1:16 pm"
1709900193,closed,0,0,0,0001,0,"Mar 8, 1:16 pm"
1709900187,closed,0,0,0,0001,0,"Mar 8, 1:16 pm"
1709900180,closed,0,0,0,0001,0,"Mar 8, 1:16 pm"
1709900174,closed,0,0,0,0001,0,"Mar 8, 1:16 pm"
1709900167,closed,0,0,0,0001,0,"Mar 8, 1:16 pm"
1709900161,closed,0,0,0,0001,0,"Mar 8, 1:16 pm"
1709900154,closed,0,0,0,0001,0,"Mar 8, 1:15 pm"
1709900148,closed,0,0,0,0001,0,"Mar 8, 1:15 pm"
1709900141,closed,0,0,0,0001,0,"Mar 8, 1:15 pm"
1709900135,closed,0,0,0,0001,0,"Mar 8, 1:15 pm"
1709900129,closed,0,0,0,0001,0,"Mar 8, 1:15 pm"
1709900122,closed,0,0,0,0001,0,"Mar 8, 1:15 pm"
1709900116,closed,0,0,0,0001,0,"Mar 8, 1:15 pm"
1709900109,closed,0,0,0,0001,0,"Mar 8, 1:15 pm"
1709898452,closed,0,0,0,0001,0,"Mar 8, 12:47 pm"
1709898446,closed,0,0,0,0001,0,"Mar 8, 12:47 pm"
1709898440,closed,0,0,0,0001,0,"Mar 8, 12:47 pm"
1709898433,closed,0,0,0,0001,0,"Mar 8, 12:47 pm"
1709898427,closed,0,0,0,0001,0,"Mar 8, 12:47 pm"
1709898420,closed,0,0,0,0001,0,"Mar 8, 12:47 pm"
1709898414,closed,0,0,0,0001,0,"Mar 8, 12:46 pm"
1709898407,closed,0,0,0,0001,0,"Mar 8, 12:46 pm"
1709898401,closed,0,0,0,0001,0,"Mar 8, 12:46 pm"
1709898394,closed,0,0,0,0001,0,"Mar 8, 12:46 pm"
1709898388,closed,0,0,0,0001,0,"Mar 8, 12:46 pm"
1709898381,closed,0,0,0,0001,0,"Mar 8, 12:46 pm"
1709898375,closed,0,0,0,0001,0,"Mar 8, 12:46 pm"
1709898368,closed,0,0,0,0001,0,"Mar 8, 12:46 pm"
1709898062,closed,0.056000002,0,0,0001,0,"Mar 8, 12:41 pm"
1709898056,closed,0.056000002,0,0,0001,0,"Mar 8, 12:40 pm"
1709898051,closed,0.056000002,0,0,0001,0,"Mar 8, 12:40 pm"
1709898045,closed,0.056000002,0,0,0001,0,"Mar 8, 12:40 pm"
1709898039,closed,0.056000002,0,0,0001,0,"Mar 8, 12:40 pm"
1709898034,closed,0.056000002,0,0,0001,0,"Mar 8, 12:40 pm"
1709898029,closed,0.056000002,0,0,0001,0,"Mar 8, 12:40 pm"
1709898023,closed,0.056000002,0,0,0001,0,"Mar 8, 12:40 pm"
1709898015,closed,0.056000002,0,0,0001,0,"Mar 8, 12:40 pm"
1709898008,closed,0.056000002,0,0,0001,0,"Mar 8, 12:40 pm"
1709898001,closed,0.056000002,0,0,0001,0,"Mar 8, 12:40 pm"
1709897996,closed,0.056000002,0,0,0001,0,"Mar 8, 12:39 pm"
1709897990,closed,0.056000002,0,0,0001,0,"Mar 8, 12:39 pm"
1709897984,closed,0.056000002,0,0,0001,0,"Mar 8, 12:39 pm"
1709897979,closed,0.056000002,0,0,0001,0,"Mar 8, 12:39 pm"
1709897971,closed,0.056000002,0,0,0001,0,"Mar 8, 12:39 pm"
1709897966,closed,0.056000002,0,0,0001,0,"Mar 8, 12:39 pm"
1709897959,closed,0.056000002,0,0,0001,0.056000002,"Mar 8, 12:39 pm"
1709897954,closed,0,0,0,0001,0,"Mar 8, 12:39 pm"
1709897947,closed,0,0,0,0001,0,"Mar 8, 12:39 pm"
1709897941,closed,0,0,0,0001,0,"Mar 8, 12:39 pm"
1709897935,closed,0,0,0,0001,0,"Mar 8, 12:38 pm"
1709897689,closed,0,0,0,0001,0,"Mar 8, 12:34 pm"
1709897682,closed,0,0,0,0001,0,"Mar 8, 12:34 pm"
1709897676,closed,0,0,0,0001,0,"Mar 8, 12:34 pm"
1709897154,opened,0,0,0,0001,0,"Mar 8, 12:25 pm"
1709897147,opened,0,0,0,0001,0,"Mar 8, 12:25 pm"
1709897141,opened,0,0,0,0001,0,"Mar 8, 12:25 pm"
1709897134,opened,0,0,0,0001,0,"Mar 8, 12:25 pm"
1709897128,opened,0,0,0,0001,0,"Mar 8, 12:25 pm"
1709897121,opened,0,0,0,0001,0,"Mar 8, 12:25 pm"
1709897115,opened,0,0,0,0001,0,"Mar 8, 12:25 pm"
1709897108,opened,0,0,0,0001,0,"Mar 8, 12:25 pm"
1709897102,opened,0,0,0,0001,0,"Mar 8, 12:25 pm"
1709895897,opened,0,7.318058491,8.939789772,0001,0,"Mar 8, 12:04 pm"
1709895891,opened,0,7.318067074,8.939785957,0001,0,"Mar 8, 12:04 pm"
1709895884,opened,0,7.318049431,8.939781189,0001,0,"Mar 8, 12:04 pm"
1709895878,opened,0,7.318059444,8.939787865,0001,0,"Mar 8, 12:04 pm"
1709895871,opened,0,7.318094254,8.939808846,0001,0,"Mar 8, 12:04 pm"
1709895864,opened,0,7.318126678,8.939828873,0001,0,"Mar 8, 12:04 pm"
1709895858,opened,0,7.318145275,8.939807892,0001,0,"Mar 8, 12:04 pm"
1709895852,opened,0,7.318125725,8.939789772,0001,0,"Mar 8, 12:04 pm"
1709895845,opened,0,7.318132877,8.939787865,0001,0,"Mar 8, 12:04 pm"
1709895839,opened,0,7.31817627,8.939807892,0001,0,"Mar 8, 12:03 pm"
1709895832,opened,0,7.31819725,8.939790726,0001,0,"Mar 8, 12:03 pm"
1709895826,opened,0,7.318239689,8.939706802,0001,0,"Mar 8, 12:03 pm"
1709895820,opened,0,0,0,0001,0,"Mar 8, 12:03 pm"
1709895813,opened,0,0,0,0001,0,"Mar 8, 12:03 pm"
1709895807,opened,0,0,0,0001,0,"Mar 8, 12:03 pm"
1709895800,opened,0,0,0,0001,0,"Mar 8, 12:03 pm"
1709895711,closed,0,0,0,0001,0,"Mar 8, 12:01 pm"
1709895413,opened,0,7.318214893,8.939774513,0001,0,"Mar 8, 11:56 am"
1709895406,opened,0,7.318197727,8.93976593,0001,0,"Mar 8, 11:56 am"
1709895400,opened,0,7.31817627,8.939759254,0001,0,"Mar 8, 11:56 am"
1709895393,opened,0,7.31816864,8.939771652,0001,0,"Mar 8, 11:56 am"
1709895387,opened,0,7.318221569,8.939799309,0001,0,"Mar 8, 11:56 am"
1709895380,opened,0,7.318202972,8.939797401,0001,0,"Mar 8, 11:56 am"
1709895374,opened,0,7.318173885,8.939770699,0001,0,"Mar 8, 11:56 am"
1709895367,opened,0,7.318169117,8.93975544,0001,0,"Mar 8, 11:56 am"
1709895361,opened,0,7.318173885,8.939760208,0001,0,"Mar 8, 11:56 am"
1709895354,opened,0,7.318146229,8.939758301,0001,0,"Mar 8, 11:55 am"
1709895348,opened,0,7.318162918,8.939771652,0001,0,"Mar 8, 11:55 am"
1709895341,opened,0,7.318201065,8.939803123,0001,0,"Mar 8, 11:55 am"
1709895335,opened,0,7.318192482,8.939805031,0001,0,"Mar 8, 11:55 am"
1709895328,opened,0,7.318196774,8.939807892,0001,0,"Mar 8, 11:55 am"
1709895322,opened,0,7.318210125,8.939819336,0001,0,"Mar 8, 11:55 am"
1709895315,opened,0,7.318208218,8.939826012,0001,0,"Mar 8, 11:55 am"
1709895309,opened,0,7.318208694,8.939828873,0001,0,"Mar 8, 11:55 am"
1709895302,opened,0,7.318182468,8.939816475,0001,0,"Mar 8, 11:55 am"
1709895296,opened,0,7.318173885,8.939811707,0001,0,"Mar 8, 11:54 am"
1709895289,opened,0,7.318193913,8.939818382,0001,0,"Mar 8, 11:54 am"
1709895283,opened,0,7.318261147,8.939849854,0001,0,"Mar 8, 11:54 am"
1709895276,opened,0,7.318272591,8.939866066,0001,0,"Mar 8, 11:54 am"
1709895270,opened,0,7.318325996,8.939888954,0001,0,"Mar 8, 11:54 am"
1709895263,opened,0,7.318305969,8.939867973,0001,0,"Mar 8, 11:54 am"
1709895257,opened,0,7.318268776,8.939855576,0001,0,"Mar 8, 11:54 am"
1709895250,opened,0,7.318256378,8.93985939,0001,0,"Mar 8, 11:54 am"
1709895244,opened,0,7.318237305,8.939847946,0001,0,"Mar 8, 11:54 am"
1709895237,opened,0,7.318226814,8.939832687,0001,0,"Mar 8, 11:53 am"
1709895231,opened,0,7.318219662,8.939826012,0001,0,"Mar 8, 11:53 am"
1709895224,opened,0,7.318192959,8.93982029,0001,0,"Mar 8, 11:53 am"
1709895218,opened,0,7.318180561,8.939817429,0001,0,"Mar 8, 11:53 am"
1709895211,opened,0,7.318173885,8.93982029,0001,0,"Mar 8, 11:53 am"
1709895205,opened,0,7.318135738,8.939824104,0001,0,"Mar 8, 11:53 am"
1709895198,opened,0,7.318127632,8.939846039,0001,0,"Mar 8, 11:53 am"
1709895192,opened,0,7.318133354,8.939886093,0001,0,"Mar 8, 11:53 am"
1709895185,opened,0,7.318171978,8.939985275,0001,0,"Mar 8, 11:53 am"
1709895179,opened,0,7.318167686,8.939799309,0001,0,"Mar 8, 11:52 am"
1709895173,opened,0,7.318174362,8.939789772,0001,0,"Mar 8, 11:52 am"
1709895166,opened,0,7.318194389,8.93977356,0001,0,"Mar 8, 11:52 am"
1709895160,opened,0,0,0,0001,0,"Mar 8, 11:52 am"
1709895153,opened,0,0,0,0001,0,"Mar 8, 11:52 am"
1709894808,closed,0,7.31816864,8.939804077,0001,0,"Mar 8, 11:46 am"
1709894801,closed,0,7.318212509,8.939814568,0001,0,"Mar 8, 11:46 am"
1709894795,closed,0,7.318236828,8.939816475,0001,0,"Mar 8, 11:46 am"
1709894789,closed,0,7.318265438,8.939814568,0001,0,"Mar 8, 11:46 am"
1709894782,closed,0,7.318253994,8.939797401,0001,0,"Mar 8, 11:46 am"
1709894776,closed,0,7.318169594,8.939769745,0001,0,"Mar 8, 11:46 am"
1709894769,closed,0,7.318119526,8.939750671,0001,0,"Mar 8, 11:46 am"
1709894763,closed,0,7.318137646,8.939760208,0001,0,"Mar 8, 11:46 am"
1709894756,closed,0,7.318093777,8.939756393,0001,0,"Mar 8, 11:45 am"
1709894750,closed,0,7.31811285,8.939770699,0001,0,"Mar 8, 11:45 am"
1709894743,closed,0,7.318197727,8.93979454,0001,0,"Mar 8, 11:45 am"
1709894737,closed,0,7.318160057,8.939771652,0001,0,"Mar 8, 11:45 am"
1709894730,closed,0,7.318267822,8.939810753,0001,0,"Mar 8, 11:45 am"
1709894724,closed,0,7.318242073,8.93978405,0001,0,"Mar 8, 11:45 am"
1709894717,closed,0,7.318314552,8.939803123,0001,0,"Mar 8, 11:45 am"
1709894711,closed,0,7.318338871,8.93982029,0001,0,"Mar 8, 11:45 am"
1709894704,closed,0,7.318318367,8.939842224,0001,0,"Mar 8, 11:45 am"
1709894698,closed,0,7.318321228,8.939914703,0001,0,"Mar 8, 11:44 am"
1709894691,closed,0,7.318382263,8.939929008,0001,0,"Mar 8, 11:44 am"
1709894685,closed,0,7.318452358,8.939930916,0001,0,"Mar 8, 11:44 am"
1709894678,closed,0,7.318481445,8.93991375,0001,0,"Mar 8, 11:44 am"
1709894672,closed,0,7.318479061,8.939893723,0001,0,"Mar 8, 11:44 am"
1709894665,closed,0,7.318489075,8.939856529,0001,0,"Mar 8, 11:44 am"
1709894659,closed,0,7.318491459,8.939885139,0001,0,"Mar 8, 11:44 am"
1709894652,closed,0,7.318522453,8.939914703,0001,0,"Mar 8, 11:44 am"
1709894645,closed,0,7.318521023,8.93990612,0001,0,"Mar 8, 11:44 am"
1709894639,closed,0,7.318520546,8.939910889,0001,0,"Mar 8, 11:43 am"
1709894633,closed,0,7.318521023,8.939922333,0001,0,"Mar 8, 11:43 am"
1709894626,closed,0,7.318523884,8.939934731,0001,0,"Mar 8, 11:43 am"
1709894620,closed,0,7.318523407,8.93994236,0001,0,"Mar 8, 11:43 am"
1709894613,closed,0,7.318525314,8.939950943,0001,0,"Mar 8, 11:43 am"
1709894606,closed,0,7.318517685,8.939954758,0001,0,"Mar 8, 11:43 am"
1709894600,closed,0,7.318521023,8.939961433,0001,0,"Mar 8, 11:43 am"
1709894594,closed,0,7.318514347,8.939967155,0001,0,"Mar 8, 11:43 am"
1709894587,closed,0,7.318513393,8.93997097,0001,0,"Mar 8, 11:43 am"
1709894581,closed,0,7.318496227,8.939949036,0001,0,"Mar 8, 11:43 am"
1709894574,closed,0,7.318489552,8.939925194,0001,0,"Mar 8, 11:42 am"
1709894567,closed,0,7.318487644,8.939926147,0001,0,"Mar 8, 11:42 am"
1709894561,closed,0,7.318480492,8.939900398,0001,0,"Mar 8, 11:42 am"
1709894555,closed,0,7.318469524,8.939864159,0001,0,"Mar 8, 11:42 am"
1709894548,closed,0,7.31846714,8.939856529,0001,0,"Mar 8, 11:42 am"
1709894541,closed,0,7.318462372,8.939852715,0001,0,"Mar 8, 11:42 am"
1709894535,closed,0,7.318453789,8.939845085,0001,0,"Mar 8, 11:42 am"
1709894528,closed,0,7.318445206,8.939831734,0001,0,"Mar 8, 11:42 am"
1709894522,closed,0,7.318448067,8.939835548,0001,0,"Mar 8, 11:42 am"
1709894516,closed,0,7.318445206,8.93984127,0001,0,"Mar 8, 11:41 am"
1709894509,closed,0,7.318442822,8.93984127,0001,0,"Mar 8, 11:41 am"
1709894502,closed,0,7.318440437,8.939839363,0001,0,"Mar 8, 11:41 am"
1709894496,closed,0,7.318440437,8.93984127,0001,0,"Mar 8, 11:41 am"
1709894489,closed,0,7.318442345,8.939845085,0001,0,"Mar 8, 11:41 am"
1709894483,closed,0,7.318449974,8.939873695,0001,0,"Mar 8, 11:41 am"
1709894476,closed,0,7.318446636,8.939876556,0001,0,"Mar 8, 11:41 am"
1709894470,closed,0,7.318445206,8.939878464,0001,0,"Mar 8, 11:41 am"
1709894463,closed,0,7.318448067,8.939880371,0001,0,"Mar 8, 11:41 am"
1709894457,closed,0,7.318449497,8.939883232,0001,0,"Mar 8, 11:40 am"
1709894450,closed,0,7.318457603,8.939891815,0001,0,"Mar 8, 11:40 am"
1709894444,closed,0,7.318460941,8.939897537,0001,0,"Mar 8, 11:40 am"
1709894437,closed,0,7.318469048,8.939912796,0001,0,"Mar 8, 11:40 am"
1709894431,closed,0,7.318479538,8.939929962,0001,0,"Mar 8, 11:40 am"
1709894424,closed,0,7.318483829,8.939939499,0001,0,"Mar 8, 11:40 am"
1709894418,closed,0,7.318481922,8.939933777,0001,0,"Mar 8, 11:40 am"
1709894411,closed,0,7.318482399,8.939930916,0001,0,"Mar 8, 11:40 am"
1709894405,closed,0,7.318486691,8.939934731,0001,0,"Mar 8, 11:40 am"
1709894399,closed,0,7.318486691,8.939936638,0001,0,"Mar 8, 11:39 am"
1709894392,closed,0,7.318483829,8.939935684,0001,0,"Mar 8, 11:39 am"
1709894386,closed,0,7.318485737,8.939944267,0001,0,"Mar 8, 11:39 am"
1709894379,closed,0,7.318489552,8.939946175,0001,0,"Mar 8, 11:39 am"
1709894372,closed,0,7.318500519,8.939950943,0001,0,"Mar 8, 11:39 am"
1709894366,closed,0,7.318507671,8.939956665,0001,0,"Mar 8, 11:39 am"
1709894360,closed,0,7.31851244,8.939963341,0001,0,"Mar 8, 11:39 am"
1709894353,closed,0,7.318483829,8.939920425,0001,0,"Mar 8, 11:39 am"
1709894347,closed,0,7.318483353,8.939922333,0001,0,"Mar 8, 11:39 am"
1709894340,closed,0,7.318480968,8.939923286,0001,0,"Mar 8, 11:39 am"
1709894333,closed,0,7.318476677,8.939923286,0001,0,"Mar 8, 11:38 am"
1709894327,closed,0,7.318481445,8.939929008,0001,0,"Mar 8, 11:38 am"
1709894320,closed,0,7.318480968,8.939930916,0001,0,"Mar 8, 11:38 am"
1709894314,closed,0,7.318484306,8.939938545,0001,0,"Mar 8, 11:38 am"
1709894307,closed,0,7.318493843,8.939951897,0001,0,"Mar 8, 11:38 am"
1709894301,closed,0,7.318506241,8.939963341,0001,0,"Mar 8, 11:38 am"
1709894295,closed,0,7.318520069,8.939970016,0001,0,"Mar 8, 11:38 am"
1709894288,closed,0,7.318517685,8.939979553,0001,0,"Mar 8, 11:38 am"
1709894282,closed,0,7.31851244,8.939976692,0001,0,"Mar 8, 11:38 am"
1709894275,closed,0,7.318502426,8.939938545,0001,0,"Mar 8, 11:37 am"
1709894269,closed,0,7.318506718,8.939932823,0001,0,"Mar 8, 11:37 am"
1709894262,closed,0,7.318508625,8.939930916,0001,0,"Mar 8, 11:37 am"
1709894256,closed,0,7.318509102,8.939925194,0001,0,"Mar 8, 11:37 am"
1709894250,closed,0,7.318510056,8.939925194,0001,0,"Mar 8, 11:37 am"
1709894243,closed,0,7.31851244,8.939917564,0001,0,"Mar 8, 11:37 am"
1709894237,closed,0,7.318510532,8.939908981,0001,0,"Mar 8, 11:37 am"
1709894230,closed,0,7.318509102,8.93989563,0001,0,"Mar 8, 11:37 am"
1709894204,closed,0,7.318531036,8.93994236,0001,0,"Mar 8, 11:36 am"
1709894197,closed,0,7.318531036,8.939941406,0001,0,"Mar 8, 11:36 am"
1709894190,closed,0,7.318529606,8.939941406,0001,0,"Mar 8, 11:36 am"
1709894184,closed,0,7.318528175,8.939939499,0001,0,"Mar 8, 11:36 am"
1709894177,closed,0,7.318528652,8.939935684,0001,0,"Mar 8, 11:36 am"
1709894171,closed,0,7.318529606,8.939932823,0001,0,"Mar 8, 11:36 am"
1709894165,closed,0,7.318530083,8.939928055,0001,0,"Mar 8, 11:36 am"
1709894158,closed,0,7.318531513,8.939921379,0001,0,"Mar 8, 11:35 am"
1709894152,closed,0,7.318532467,8.939920425,0001,0,"Mar 8, 11:35 am"
1709894145,closed,0,7.318535805,8.939938545,0001,0,"Mar 8, 11:35 am"
1709894138,closed,0,7.318542004,8.939972878,0001,0,"Mar 8, 11:35 am"
1709894132,closed,0,7.318539619,8.939977646,0001,0,"Mar 8, 11:35 am"
1709894126,closed,0,7.318542957,8.939991951,0001,0,"Mar 8, 11:35 am"
1709894119,closed,0,7.318549156,8.94000721,0001,0,"Mar 8, 11:35 am"
1709894112,closed,0,7.318556786,8.940020561,0001,0,"Mar 8, 11:35 am"
1709894106,closed,0,7.318562984,8.940024376,0001,0,"Mar 8, 11:35 am"
1709894099,closed,0,7.318559647,8.940012932,0001,0,"Mar 8, 11:34 am"
1709894093,closed,0,7.318565369,8.940013885,0001,0,"Mar 8, 11:34 am"
1709894087,closed,0,7.318558693,8.940022469,0001,0,"Mar 8, 11:34 am"
1709894080,closed,0,7.31854105,8.939988136,0001,0,"Mar 8, 11:34 am"
1709894074,closed,0,7.318540096,8.939991951,0001,0,"Mar 8, 11:34 am"
1709894067,closed,0,7.318548203,8.940004349,0001,0,"Mar 8, 11:34 am"
1709894061,closed,0,7.318540096,8.939958572,0001,0,"Mar 8, 11:34 am"
1709894054,closed,0,7.318541527,8.939963341,0001,0,"Mar 8, 11:34 am"
1709894048,closed,0,7.318552494,8.939979553,0001,0,"Mar 8, 11:34 am"
1709894041,closed,0,7.318559647,8.939988136,0001,0,"Mar 8, 11:34 am"
1709894035,closed,0,7.318565369,8.939990997,0001,0,"Mar 8, 11:33 am"
1709894028,closed,0,7.318567276,8.940003395,0001,0,"Mar 8, 11:33 am"
1709894022,closed,0,7.318572044,8.940011978,0001,0,"Mar 8, 11:33 am"
1709894015,closed,0,7.318581104,8.940022469,0001,0,"Mar 8, 11:33 am"
1709894009,closed,0,7.318591595,8.940029144,0001,0,"Mar 8, 11:33 am"
1709894002,closed,0,7.318597317,8.940034866,0001,0,"Mar 8, 11:33 am"
1709893996,closed,0,7.318599701,8.940043449,0001,0,"Mar 8, 11:33 am"
1709893989,closed,0,7.318605423,8.940050125,0001,0,"Mar 8, 11:33 am"
1709893983,closed,0,7.318611622,8.940055847,0001,0,"Mar 8, 11:33 am"
1709893976,closed,0,7.318610191,8.940057755,0001,0,"Mar 8, 11:32 am"
1709893970,closed,0,7.318608284,8.940055847,0001,0,"Mar 8, 11:32 am"
1709893963,closed,0,7.318603516,8.940052986,0001,0,"Mar 8, 11:32 am"
1709893957,closed,0,7.318601608,8.940052986,0001,0,"Mar 8, 11:32 am"
1709893950,closed,0,7.318602085,8.940044403,0001,0,"Mar 8, 11:32 am"
1709893944,closed,0,7.318602562,8.940039635,0001,0,"Mar 8, 11:32 am"
1709893938,closed,0,7.318599224,8.940041542,0001,0,"Mar 8, 11:32 am"
1709893931,closed,0,7.318597317,8.940039635,0001,0,"Mar 8, 11:32 am"
1709893925,closed,0,7.318593025,8.940036774,0001,0,"Mar 8, 11:32 am"
1709893918,closed,0,7.31858778,8.940032959,0001,0,"Mar 8, 11:31 am"
1709893912,closed,0,7.318582535,8.940024376,0001,0,"Mar 8, 11:31 am"
1709893905,closed,0,7.318575382,8.940027237,0001,0,"Mar 8, 11:31 am"
1709893899,closed,0,7.31856823,8.940016747,0001,0,"Mar 8, 11:31 am"
1709893892,closed,0,7.318565845,8.940008163,0001,0,"Mar 8, 11:31 am"
1709893886,closed,0,7.318559647,8.93999958,0001,0,"Mar 8, 11:31 am"
1709893879,closed,0,7.318557262,8.940002441,0001,0,"Mar 8, 11:31 am"
1709893873,closed,0,7.318557739,8.940010071,0001,0,"Mar 8, 11:31 am"
1709893866,closed,0,7.31855917,8.940014839,0001,0,"Mar 8, 11:31 am"
1709893860,closed,0,7.318556309,8.940018654,0001,0,"Mar 8, 11:31 am"
1709893853,closed,0,7.318553448,8.940011978,0001,0,"Mar 8, 11:30 am"
1709893847,closed,0,7.318556309,8.940011978,0001,0,"Mar 8, 11:30 am"
1709893841,closed,0,7.318555355,8.939990044,0001,0,"Mar 8, 11:30 am"
1709893834,closed,0,7.318552971,8.93997097,0001,0,"Mar 8, 11:30 am"
1709893828,closed,0,7.318546772,8.939976692,0001,0,"Mar 8, 11:30 am"
1709893821,closed,0,7.31855154,8.93997097,0001,0,"Mar 8, 11:30 am"
1709893815,closed,0,7.318555355,8.939962387,0001,0,"Mar 8, 11:30 am"
1709893808,closed,0,7.318565845,8.939957619,0001,0,"Mar 8, 11:30 am"
1709893802,closed,0,7.318587303,8.939956665,0001,0,"Mar 8, 11:30 am"
1709893795,closed,0,7.318629265,8.939981461,0001,0,"Mar 8, 11:29 am"
1709893626,closed,0,7.318574905,8.939970016,0001,0,"Mar 8, 11:27 am"
1709893619,closed,0,7.318557262,8.939925194,0001,0,"Mar 8, 11:26 am"
1709893613,closed,0,7.318549156,8.939914703,0001,0,"Mar 8, 11:26 am"
1709893607,closed,0,7.318555355,8.939911842,0001,0,"Mar 8, 11:26 am"
1709893600,closed,0,7.318562031,8.939900398,0001,0,"Mar 8, 11:26 am"
1709893593,closed,0,7.318543434,8.939898491,0001,0,"Mar 8, 11:26 am"
1709893587,closed,0,7.318536282,8.939894676,0001,0,"Mar 8, 11:26 am"
1709893580,closed,0,7.318533421,8.939908028,0001,0,"Mar 8, 11:26 am"
1709893574,closed,0,7.318516254,8.939912796,0001,0,"Mar 8, 11:26 am"
1709893568,closed,0,7.318514824,8.93991375,0001,0,"Mar 8, 11:26 am"
1709893561,closed,0,7.318534374,8.939940453,0001,0,"Mar 8, 11:26 am"
1709893554,closed,0,7.318535805,8.939948082,0001,0,"Mar 8, 11:25 am"
1709893548,closed,0,7.318555832,8.939976692,0001,0,"Mar 8, 11:25 am"
1709893541,closed,0,7.318509102,8.940000534,0001,0,"Mar 8, 11:25 am"
1709893535,closed,0,7.318372726,8.939854622,0001,0,"Mar 8, 11:25 am"
1709893529,closed,0,7.318372726,8.939854622,0001,0,"Mar 8, 11:25 am"
1709893522,closed,0,7.318275928,8.939825058,0001,0,"Mar 8, 11:25 am"
1709893516,closed,0,7.318253517,8.939808846,0001,0,"Mar 8, 11:25 am"
1709893509,closed,0,7.318201542,8.939782143,0001,0,"Mar 8, 11:25 am"
1709893502,closed,0,7.318171501,8.93970871,0001,0,"Mar 8, 11:25 am"
1709893496,closed,0,7.318207264,8.939757347,0001,0,"Mar 8, 11:24 am"
1709893490,closed,0,7.318255424,8.939749718,0001,0,"Mar 8, 11:24 am"
1709893483,closed,0,7.31823349,8.939751625,0001,0,"Mar 8, 11:24 am"
1709893477,closed,0,7.318215847,8.939731598,0001,0,"Mar 8, 11:24 am"
1709893470,closed,0,7.318192005,8.939752579,0001,0,"Mar 8, 11:24 am"
1709893463,closed,0,7.318131447,8.939730644,0001,0,"Mar 8, 11:24 am"
1709893457,closed,0,7.318115711,8.939748764,0001,0,"Mar 8, 11:24 am"
1709893450,closed,0,7.318069458,8.939775467,0001,0,"Mar 8, 11:24 am"
1709893444,closed,0,7.318060875,8.93980217,0001,0,"Mar 8, 11:24 am"
1709893438,closed,0,7.31805563,8.939866066,0001,0,"Mar 8, 11:23 am"
1709893286,closed,0,7.318222523,8.939598083,0001,0,"Mar 8, 11:21 am"
1709893280,closed,0,7.318239212,8.939570427,0001,0,"Mar 8, 11:21 am"
1709893273,closed,0,7.318262577,8.939565659,0001,0,"Mar 8, 11:21 am"
1709893267,closed,0,7.318264008,8.939545631,0001,0,"Mar 8, 11:21 am"
1709893260,closed,0,7.318276882,8.939553261,0001,0,"Mar 8, 11:21 am"
1709893254,closed,0,7.318313599,8.939574242,0001,0,"Mar 8, 11:20 am"
1709893247,closed,0,7.318290234,8.939556122,0001,0,"Mar 8, 11:20 am"
1709893241,closed,0,7.318284035,8.939558029,0001,0,"Mar 8, 11:20 am"
1709893234,closed,0,7.318255901,8.939520836,0001,0,"Mar 8, 11:20 am"
1709893228,closed,0,0,0,0001,0,"Mar 8, 11:20 am"
1709893221,closed,0,0,0,0001,0,"Mar 8, 11:20 am"
1709893215,closed,0,0,0,0001,0,"Mar 8, 11:20 am"
1709893208,closed,0,0,0,0001,0,"Mar 8, 11:20 am"
1709893202,closed,0,0,0,0001,0,"Mar 8, 11:20 am"
1709892495,closed,0,7.318279266,8.939838409,0001,0,"Mar 8, 11:08 am"
1709892489,closed,0,7.318276882,8.939833641,0001,0,"Mar 8, 11:08 am"
1709892483,closed,0,7.318288326,8.939838409,0001,0,"Mar 8, 11:08 am"
1709892476,closed,0,7.318327427,8.939835548,0001,0,"Mar 8, 11:07 am"
1709892470,closed,0,7.318424702,8.939851761,0001,0,"Mar 8, 11:07 am"
1709892463,closed,0,7.318429947,8.939844131,0001,0,"Mar 8, 11:07 am"
1709892457,closed,0,7.31845665,8.939855576,0001,0,"Mar 8, 11:07 am"
1709892450,closed,0,7.31845665,8.939844131,0001,0,"Mar 8, 11:07 am"
1709892444,closed,0,7.318490505,8.939847946,0001,0,"Mar 8, 11:07 am"
1709892437,closed,0,7.318468094,8.939844131,0001,0,"Mar 8, 11:07 am"
1709892431,closed,0,7.318426132,8.939842224,0001,0,"Mar 8, 11:07 am"
1709892424,closed,0,7.318358898,8.939836502,0001,0,"Mar 8, 11:07 am"
1709892418,closed,0,7.318335056,8.93983078,0001,0,"Mar 8, 11:06 am"
1709892411,closed,0,7.318328381,8.939834595,0001,0,"Mar 8, 11:06 am"
1709892405,closed,0,7.31835413,8.939846992,0001,0,"Mar 8, 11:06 am"
1709892398,closed,0,7.318314552,8.939847946,0001,0,"Mar 8, 11:06 am"
1709892392,closed,0,7.318294048,8.939853668,0001,0,"Mar 8, 11:06 am"
1709892385,closed,0,7.318247318,8.939854622,0001,0,"Mar 8, 11:06 am"
1709892378,closed,0,7.318238258,8.939858437,0001,0,"Mar 8, 11:06 am"
1709892372,closed,0,7.318204403,8.939853668,0001,0,"Mar 8, 11:06 am"
1709892366,closed,0,7.318178177,8.939840317,0001,0,"Mar 8, 11:06 am"
1709892359,closed,0,7.318131924,8.939845085,0001,0,"Mar 8, 11:05 am"
1709892353,closed,0,7.318089962,8.939838409,0001,0,"Mar 8, 11:05 am"
1709892346,closed,0,7.318018436,8.939850807,0001,0,"Mar 8, 11:05 am"
1709892339,closed,0,7.318036079,8.939873695,0001,0,"Mar 8, 11:05 am"
1709892333,closed,0,7.318108082,8.939896584,0001,0,"Mar 8, 11:05 am"
1709892327,closed,0,7.318154335,8.939938545,0001,0,"Mar 8, 11:05 am"
1709892320,closed,0,7.31828022,8.939951897,0001,0,"Mar 8, 11:05 am"
1709892314,closed,0,7.318327904,8.939975739,0001,0,"Mar 8, 11:05 am"
1709892307,closed,0,7.318426132,8.940020561,0001,0,"Mar 8, 11:05 am"
1709892300,closed,0,7.318512917,8.940045357,0001,0,"Mar 8, 11:05 am"
1709892294,closed,0,7.318562508,8.940045357,0001,0,"Mar 8, 11:04 am"
1709892288,closed,0,7.318612099,8.940048218,0001,0,"Mar 8, 11:04 am"
1709892281,closed,0,7.318602562,8.940041542,0001,0,"Mar 8, 11:04 am"
1709892275,closed,0,7.31857872,8.940032005,0001,0,"Mar 8, 11:04 am"
1709892268,closed,0,7.31848526,8.939991951,0001,0,"Mar 8, 11:04 am"
1709892261,closed,0,7.318435669,8.939976692,0001,0,"Mar 8, 11:04 am"
1709892255,closed,0,7.318452835,8.939941406,0001,0,"Mar 8, 11:04 am"
1709892249,closed,0,7.318471432,8.939950943,0001,0,"Mar 8, 11:04 am"
1709892242,closed,0,7.318482876,8.939967155,0001,0,"Mar 8, 11:04 am"
1709892236,closed,0,7.31842804,8.939968109,0001,0,"Mar 8, 11:03 am"
1709892229,closed,0,7.318298817,8.939939499,0001,0,"Mar 8, 11:03 am"
1709892222,closed,0,7.318298817,8.939939499,0001,0,"Mar 8, 11:03 am"
1709892216,closed,0,7.318274498,8.939937592,0001,0,"Mar 8, 11:03 am"
1709892210,closed,0,7.318216324,8.939896584,0001,0,"Mar 8, 11:03 am"
1709892203,closed,0,7.31822443,8.93987751,0001,0,"Mar 8, 11:03 am"
1709892196,closed,0,7.318275452,8.939855576,0001,0,"Mar 8, 11:03 am"
1709892190,closed,0,7.318298817,8.939852715,0001,0,"Mar 8, 11:03 am"
1709892183,closed,0,7.31832695,8.939844131,0001,0,"Mar 8, 11:03 am"
1709892177,closed,0,7.318330288,8.939850807,0001,0,"Mar 8, 11:02 am"
1709892171,closed,0,7.318340302,8.939836502,0001,0,"Mar 8, 11:02 am"
1709892164,closed,0,7.318376064,8.939809799,0001,0,"Mar 8, 11:02 am"
1709892157,closed,0,7.318376064,8.939809799,0001,0,"Mar 8, 11:02 am"
1709892151,closed,0,7.318420887,8.939785957,0001,0,"Mar 8, 11:02 am"
1709892144,closed,0,7.318356514,8.939748764,0001,0,"Mar 8, 11:02 am"
1709892138,closed,0,7.318338871,8.939736366,0001,0,"Mar 8, 11:02 am"
1709892132,closed,0,7.318340302,8.9397192,0001,0,"Mar 8, 11:02 am"
1709892125,closed,0,7.318327427,8.939682007,0001,0,"Mar 8, 11:02 am"
1709892119,closed,0,7.318303108,8.939664841,0001,0,"Mar 8, 11:01 am"
1709892112,closed,0,7.31826973,8.93962574,0001,0,"Mar 8, 11:01 am"
1709892105,closed,0,7.318210602,8.9395895,0001,0,"Mar 8, 11:01 am"
1709892099,closed,0,7.31821537,8.93956852,0001,0,"Mar 8, 11:01 am"
1709892093,closed,0,7.318247795,8.9395504,0001,0,"Mar 8, 11:01 am"
1709892086,closed,0,7.318098545,8.939474106,0001,0,"Mar 8, 11:01 am"
1709892080,closed,0,7.31801033,8.939405441,0001,0,"Mar 8, 11:01 am"
1709892073,closed,0,7.318242073,8.939524651,0001,0,"Mar 8, 11:01 am"
1709892067,closed,0,7.318405151,8.939664841,0001,0,"Mar 8, 11:01 am"
1709892061,closed,0,7.318445683,8.939692497,0001,0,"Mar 8, 11:01 am"
1709892054,closed,0,7.318448067,8.939714432,0001,0,"Mar 8, 11:00 am"
1709892047,closed,0,7.318371773,8.939733505,0001,0,"Mar 8, 11:00 am"
1709892041,closed,0,7.318384171,8.939751625,0001,0,"Mar 8, 11:00 am"
1709892035,closed,0,7.318401814,8.939785004,0001,0,"Mar 8, 11:00 am"
1709892028,closed,0,7.318261623,8.939782143,0001,0,"Mar 8, 11:00 am"
1709892022,closed,0,7.318246841,8.939775467,0001,0,"Mar 8, 11:00 am"
1709892015,closed,0,7.318201542,8.939805031,0001,0,"Mar 8, 11:00 am"
1709892009,closed,0,7.318191051,8.93978405,0001,0,"Mar 8, 11:00 am"
1709892002,closed,0,7.318218708,8.939827919,0001,0,"Mar 8, 11:00 am"
1709891996,closed,0,7.318212509,8.939855576,0001,0,"Mar 8, 10:59 am"
1709891989,closed,0,7.318207264,8.93989563,0001,0,"Mar 8, 10:59 am"
1709891983,closed,0,7.31820488,8.939912796,0001,0,"Mar 8, 10:59 am"
1709891976,closed,0,7.31821537,8.939912796,0001,0,"Mar 8, 10:59 am"
1709891970,closed,0,7.318203449,8.939882278,0001,0,"Mar 8, 10:59 am"
1709891963,closed,0,7.318182945,8.93984127,0001,0,"Mar 8, 10:59 am"
1709891957,closed,0,7.318160534,8.939839363,0001,0,"Mar 8, 10:59 am"
1709891950,closed,0,7.318092823,8.939813614,0001,0,"Mar 8, 10:59 am"
1709891944,closed,0,7.318106174,8.939804077,0001,0,"Mar 8, 10:59 am"
1709891937,closed,0,7.3180933,8.939808846,0001,0,"Mar 8, 10:58 am"
1709891931,closed,0,7.318091393,8.939805031,0001,0,"Mar 8, 10:58 am"
1709891925,closed,0,7.317960739,8.939740181,0001,0,"Mar 8, 10:58 am"
1709891918,closed,0,7.318123817,8.939811707,0001,0,"Mar 8, 10:58 am"
1709891911,closed,0,7.318118095,8.939806938,0001,0,"Mar 8, 10:58 am"
1709891905,closed,0,7.318148613,8.939807892,0001,0,"Mar 8, 10:58 am"
1709891898,closed,0,7.318183899,8.939809799,0001,0,"Mar 8, 10:58 am"
1709891892,closed,0,7.318237305,8.939825058,0001,0,"Mar 8, 10:58 am"
1709891886,closed,0,7.318246365,8.939852715,0001,0,"Mar 8, 10:58 am"
1709891879,closed,0,7.318276882,8.939893723,0001,0,"Mar 8, 10:57 am"
1709891873,closed,0,7.318276882,8.939893723,0001,0,"Mar 8, 10:57 am"
1709891866,closed,0,7.318256378,8.939862251,0001,0,"Mar 8, 10:57 am"
1709891860,closed,0,7.318226337,8.939846992,0001,0,"Mar 8, 10:57 am"
1709891853,closed,0,7.318198681,8.939799309,0001,0,"Mar 8, 10:57 am"
1709891847,closed,0,7.318201065,8.939783096,0001,0,"Mar 8, 10:57 am"
1709891840,closed,0,7.318210602,8.939762115,0001,0,"Mar 8, 10:57 am"
1709891834,closed,0,7.318264961,8.939783096,0001,0,"Mar 8, 10:57 am"
1709891828,closed,0,7.318286896,8.939759254,0001,0,"Mar 8, 10:57 am"
1709891821,closed,0,7.31829977,8.939723015,0001,0,"Mar 8, 10:57 am"
1709891814,closed,0,7.318314552,8.939691544,0001,0,"Mar 8, 10:56 am"
1709891808,closed,0,7.318306446,8.939647675,0001,0,"Mar 8, 10:56 am"
1709891801,closed,0,7.31831789,8.939618111,0001,0,"Mar 8, 10:56 am"
1709891795,closed,0,7.318347931,8.939557076,0001,0,"Mar 8, 10:56 am"
1709891789,closed,0,7.318353653,8.939555168,0001,0,"Mar 8, 10:56 am"
1709891782,closed,0,7.318353653,8.939544678,0001,0,"Mar 8, 10:56 am"
1709891776,closed,0,7.318342686,8.939541817,0001,0,"Mar 8, 10:56 am"
1709891769,closed,0,7.318343163,8.939519882,0001,0,"Mar 8, 10:56 am"
1709891763,closed,0,7.318336964,8.939495087,0001,0,"Mar 8, 10:56 am"
1709891756,closed,0,7.31826067,8.939400673,0001,0,"Mar 8, 10:55 am"
1709891750,closed,0,7.318238735,8.939376831,0001,0,"Mar 8, 10:55 am"
1709891743,closed,0,7.318237305,8.939367294,0001,0,"Mar 8, 10:55 am"
1709891737,closed,0,7.318345547,8.939464569,0001,0,"Mar 8, 10:55 am"
1709820859,closed,0,7.318138599,8.939740181,0001,0,"Mar 7, 3:14 pm"
1709820853,closed,0,7.318165302,8.939757347,0001,0,"Mar 7, 3:14 pm"
1709820846,closed,0,7.318154812,8.939778328,0001,0,"Mar 7, 3:14 pm"
1709820840,closed,0,7.31815052,8.939763069,0001,0,"Mar 7, 3:14 pm"
1709820833,closed,0,7.318171501,8.93976593,0001,0,"Mar 7, 3:13 pm"
1709820827,closed,0,7.318162441,8.939772606,0001,0,"Mar 7, 3:13 pm"
1709820820,closed,0,7.31816721,8.939779282,0001,0,"Mar 7, 3:13 pm"
1709820814,closed,0,7.318157196,8.939780235,0001,0,"Mar 7, 3:13 pm"
1709820807,closed,0,7.318150997,8.939763069,0001,0,"Mar 7, 3:13 pm"
1709820801,closed,0,7.318178654,8.939766884,0001,0,"Mar 7, 3:13 pm"
1709820794,closed,0,7.318182468,8.939764023,0001,0,"Mar 7, 3:13 pm"
1709820788,closed,0,7.318187237,8.939760208,0001,0,"Mar 7, 3:13 pm"
1709820781,closed,0,7.318268776,8.939782143,0001,0,"Mar 7, 3:13 pm"
1709820775,closed,0,7.318314075,8.939788818,0001,0,"Mar 7, 3:12 pm"
1709820768,closed,0,7.318309784,8.939782143,0001,0,"Mar 7, 3:12 pm"
1709820762,closed,0,7.318301678,8.939774513,0001,0,"Mar 7, 3:12 pm"
1709820755,closed,0,7.318264961,8.939756393,0001,0,"Mar 7, 3:12 pm"
1709820748,closed,0,7.318241596,8.939748764,0001,0,"Mar 7, 3:12 pm"
1709820742,closed,0,7.318220139,8.939742088,0001,0,"Mar 7, 3:12 pm"
1709820735,closed,0,7.318199158,8.939735413,0001,0,"Mar 7, 3:12 pm"
1709820729,closed,0,7.318162918,8.939724922,0001,0,"Mar 7, 3:12 pm"
1709820722,closed,0,7.318161964,8.939732552,0001,0,"Mar 7, 3:12 pm"
1709820716,closed,0,7.318140984,8.939729691,0001,0,"Mar 7, 3:11 pm"
1709820709,closed,0,7.318106651,8.939725876,0001,0,"Mar 7, 3:11 pm"
1709820703,closed,0,7.318145275,8.93974781,0001,0,"Mar 7, 3:11 pm"
1709820697,closed,0,7.318129539,8.939732552,0001,0,"Mar 7, 3:11 pm"
1709820690,closed,0,7.31815958,8.939734459,0001,0,"Mar 7, 3:11 pm"
1709820683,closed,0,7.318151951,8.939731598,0001,0,"Mar 7, 3:11 pm"
1709820677,closed,0,7.31810236,8.939712524,0001,0,"Mar 7, 3:11 pm"
1709820670,closed,0,7.318127632,8.939724922,0001,0,"Mar 7, 3:11 pm"
1709820664,closed,0,7.318129539,8.939732552,0001,0,"Mar 7, 3:11 pm"
1709820657,closed,0,7.318106174,8.939721107,0001,0,"Mar 7, 3:10 pm"
1709820651,closed,0,7.31811285,8.939724922,0001,0,"Mar 7, 3:10 pm"
1709820644,closed,0,7.318126202,8.939724922,0001,0,"Mar 7, 3:10 pm"
1709820638,closed,0,7.318157196,8.939730644,0001,0,"Mar 7, 3:10 pm"
1709820631,closed,0,7.318211079,8.939750671,0001,0,"Mar 7, 3:10 pm"
1709820625,closed,0,7.318215847,8.939745903,0001,0,"Mar 7, 3:10 pm"
1709820618,closed,0,7.318315983,8.939782143,0001,0,"Mar 7, 3:10 pm"
1709820612,closed,0,7.318383694,8.939787865,0001,0,"Mar 7, 3:10 pm"
1709820605,closed,0,7.318317413,8.939771652,0001,0,"Mar 7, 3:10 pm"
1709820599,closed,0,7.318279743,8.939767838,0001,0,"Mar 7, 3:09 pm"
1709820592,closed,0,7.318258762,8.939769745,0001,0,"Mar 7, 3:09 pm"
1709820586,closed,0,7.318261623,8.93977356,0001,0,"Mar 7, 3:09 pm"
1709820579,closed,0,7.318254948,8.939764977,0001,0,"Mar 7, 3:09 pm"
1709820573,closed,0,7.318250179,8.939772606,0001,0,"Mar 7, 3:09 pm"
1709820566,closed,0,7.318266869,8.939779282,0001,0,"Mar 7, 3:09 pm"
1709820560,closed,0,7.318257809,8.939782143,0001,0,"Mar 7, 3:09 pm"
1709820553,closed,0,7.318273544,8.939792633,0001,0,"Mar 7, 3:09 pm"
1709820547,closed,0,7.318274498,8.939797401,0001,0,"Mar 7, 3:09 pm"
1709820540,closed,0,7.318271637,8.939805984,0001,0,"Mar 7, 3:09 pm"
1709820534,closed,0,7.318268776,8.939821243,0001,0,"Mar 7, 3:08 pm"
1709820527,closed,0,7.318270206,8.939787865,0001,0,"Mar 7, 3:08 pm"
1709820521,closed,0,7.318268776,8.939767838,0001,0,"Mar 7, 3:08 pm"
1709820514,closed,0,7.31824398,8.93975544,0001,0,"Mar 7, 3:08 pm"
1709820508,closed,0,7.318228245,8.939743042,0001,0,"Mar 7, 3:08 pm"
1709820501,closed,0,7.318231106,8.939741135,0001,0,"Mar 7, 3:08 pm"
1709820494,closed,0,7.318211555,8.93973732,0001,0,"Mar 7, 3:08 pm"
1709820488,closed,0,7.318235874,8.939742088,0001,0,"Mar 7, 3:08 pm"
1709820482,closed,0,7.318254948,8.93974781,0001,0,"Mar 7, 3:08 pm"
1709820475,closed,0,7.318264008,8.939751625,0001,0,"Mar 7, 3:07 pm"
1709820469,closed,0,7.31827116,8.939758301,0001,0,"Mar 7, 3:07 pm"
1709820462,closed,0,7.318274975,8.939761162,0001,0,"Mar 7, 3:07 pm"
1709820456,closed,0,7.318284988,8.93975544,0001,0,"Mar 7, 3:07 pm"
1709820449,closed,0,7.318279266,8.93974781,0001,0,"Mar 7, 3:07 pm"
1709820443,closed,0,7.3182621,8.939741135,0001,0,"Mar 7, 3:07 pm"
1709820437,closed,0,7.318238735,8.939758301,0001,0,"Mar 7, 3:07 pm"
1709820430,closed,0,7.318209171,8.939774513,0001,0,"Mar 7, 3:07 pm"
1709820424,closed,0,7.318203449,8.939785004,0001,0,"Mar 7, 3:07 pm"
1709820417,closed,0,7.318163395,8.939779282,0001,0,"Mar 7, 3:06 pm"
1709820411,closed,0,7.318172455,8.939779282,0001,0,"Mar 7, 3:06 pm"
1709820404,closed,0,7.318256378,8.939796448,0001,0,"Mar 7, 3:06 pm"
1709820398,closed,0,7.318278313,8.939800262,0001,0,"Mar 7, 3:06 pm"
1709820391,closed,0,7.31827116,8.939792633,0001,0,"Mar 7, 3:06 pm"
1709820385,closed,0,7.318277359,8.939789772,0001,0,"Mar 7, 3:06 pm"
1709820378,closed,0,7.318288326,8.939793587,0001,0,"Mar 7, 3:06 pm"
1709820372,closed,0,7.318349361,8.939795494,0001,0,"Mar 7, 3:06 pm"
1709820366,closed,0,7.318350315,8.939785957,0001,0,"Mar 7, 3:06 pm"
1709820359,closed,0,7.318383217,8.939792633,0001,0,"Mar 7, 3:05 pm"
1709820352,closed,0,7.318384171,8.939774513,0001,0,"Mar 7, 3:05 pm"
1709820346,closed,0,7.318376064,8.939752579,0001,0,"Mar 7, 3:05 pm"
1709820339,closed,0,7.318374157,8.939739227,0001,0,"Mar 7, 3:05 pm"
1709820333,closed,0,7.318387508,8.939725876,0001,0,"Mar 7, 3:05 pm"
1709820327,closed,0,7.318389416,8.939706802,0001,0,"Mar 7, 3:05 pm"
1709820283,closed,0,7.318288326,8.939648628,0001,0,"Mar 7, 3:04 pm"
1709820277,closed,0,7.318312168,8.939670563,0001,0,"Mar 7, 3:04 pm"
1709820270,closed,0,7.318306446,8.939674377,0001,0,"Mar 7, 3:04 pm"
1709820264,closed,0,7.318287373,8.93970108,0001,0,"Mar 7, 3:04 pm"
1709820257,closed,0,7.318253517,8.939711571,0001,0,"Mar 7, 3:04 pm"
1709820251,closed,0,7.318248272,8.939713478,0001,0,"Mar 7, 3:04 pm"
1709820245,closed,0,7.318238735,8.939723015,0001,0,"Mar 7, 3:04 pm"
1709820121,closed,0,7.318321705,8.939774513,0001,0,"Mar 7, 3:02 pm"
1709820114,closed,0,7.318320274,8.939782143,0001,0,"Mar 7, 3:01 pm"
1709820108,closed,0,7.318338871,8.939809799,0001,0,"Mar 7, 3:01 pm"
1709820101,closed,0,7.31835413,8.939824104,0001,0,"Mar 7, 3:01 pm"
1709820095,closed,0,7.318345547,8.939828873,0001,0,"Mar 7, 3:01 pm"
1709820088,closed,0,7.318334579,8.939818382,0001,0,"Mar 7, 3:01 pm"
1709820082,closed,0,7.318318844,8.939810753,0001,0,"Mar 7, 3:01 pm"
1709820076,closed,0,7.318336964,8.939821243,0001,0,"Mar 7, 3:01 pm"
1709820069,closed,0,7.318322182,8.939819336,0001,0,"Mar 7, 3:01 pm"
1709820062,closed,0,7.318297863,8.939810753,0001,0,"Mar 7, 3:01 pm"
1709820056,closed,0,7.318284035,8.939801216,0001,0,"Mar 7, 3:00 pm"
1709820049,closed,0,7.318284512,8.939806938,0001,0,"Mar 7, 3:00 pm"
1709820043,closed,0,7.318282604,8.939816475,0001,0,"Mar 7, 3:00 pm"
1709820037,closed,0,7.31826067,8.939819336,0001,0,"Mar 7, 3:00 pm"
1709820030,closed,0,7.318236828,8.939815521,0001,0,"Mar 7, 3:00 pm"
1709820024,closed,0,7.318250179,8.939826012,0001,0,"Mar 7, 3:00 pm"
1709820017,closed,0,7.318230629,8.939819336,0001,0,"Mar 7, 3:00 pm"
1709820011,closed,0,7.318212032,8.939800262,0001,0,"Mar 7, 3:00 pm"
1709820004,closed,0,7.318151951,8.939761162,0001,0,"Mar 7, 3:00 pm"
1709819998,closed,0,7.318148613,8.93975544,0001,0,"Mar 7, 2:59 pm"
1709819991,closed,0,7.318135262,8.939740181,0001,0,"Mar 7, 2:59 pm"
1709819985,closed,0,7.318106651,8.939723969,0001,0,"Mar 7, 2:59 pm"
1709819978,closed,0,7.318077564,8.939710617,0001,0,"Mar 7, 2:59 pm"
1709819971,closed,0,7.318099499,8.939718246,0001,0,"Mar 7, 2:59 pm"
1709819965,closed,0,7.318100929,8.939718246,0001,0,"Mar 7, 2:59 pm"
1709819959,closed,0,7.318106651,8.939716339,0001,0,"Mar 7, 2:59 pm"
1709819952,closed,0,7.318115711,8.939723969,0001,0,"Mar 7, 2:59 pm"
1709819946,closed,0,7.318159103,8.93974781,0001,0,"Mar 7, 2:59 pm"
1709819939,closed,0,7.318203449,8.939763069,0001,0,"Mar 7, 2:58 pm"
1709819932,closed,0,7.318211079,8.939771652,0001,0,"Mar 7, 2:58 pm"
1709819926,closed,0,7.318205357,8.93976593,0001,0,"Mar 7, 2:58 pm"
1709819920,closed,0,7.318240643,8.939778328,0001,0,"Mar 7, 2:58 pm"
1709819913,closed,0,7.318230152,8.939774513,0001,0,"Mar 7, 2:58 pm"
1709819907,closed,0,7.318226814,8.939770699,0001,0,"Mar 7, 2:58 pm"
1709819900,closed,0,7.318206787,8.93975544,0001,0,"Mar 7, 2:58 pm"
1709819893,closed,0,7.318178654,8.939735413,0001,0,"Mar 7, 2:58 pm"
1709819887,closed,0,7.318137169,8.939711571,0001,0,"Mar 7, 2:58 pm"
1709819881,closed,0,7.318143368,8.939686775,0001,0,"Mar 7, 2:58 pm"
1709819874,closed,0,7.318162441,8.939675331,0001,0,"Mar 7, 2:57 pm"
1709819868,closed,0,7.318148136,8.93967247,0001,0,"Mar 7, 2:57 pm"
1709819861,closed,0,7.318135262,8.939699173,0001,0,"Mar 7, 2:57 pm"
1709819854,closed,0,7.31813097,8.939686775,0001,0,"Mar 7, 2:57 pm"
1709819848,closed,0,7.318138123,8.939688683,0001,0,"Mar 7, 2:57 pm"
1709819842,closed,0,7.318147182,8.939695358,0001,0,"Mar 7, 2:57 pm"
1709819835,closed,0,7.318158627,8.939692497,0001,0,"Mar 7, 2:57 pm"
1709819829,closed,0,7.318157196,8.939673424,0001,0,"Mar 7, 2:57 pm"
1709819822,closed,0,7.318151951,8.939647675,0001,0,"Mar 7, 2:57 pm"
1709819815,closed,0,7.318118095,8.939627647,0001,0,"Mar 7, 2:56 pm"
1709819809,closed,0,7.318096638,8.939624786,0001,0,"Mar 7, 2:56 pm"
1709819802,closed,0,7.318099022,8.939632416,0001,0,"Mar 7, 2:56 pm"
1709819796,closed,0,7.318130016,8.939681053,0001,0,"Mar 7, 2:56 pm"
1709819789,closed,0,7.318137646,8.939680099,0001,0,"Mar 7, 2:56 pm"
1709819783,closed,0,7.318141937,8.939687729,0001,0,"Mar 7, 2:56 pm"
1709819776,closed,0,7.318152428,8.939684868,0001,0,"Mar 7, 2:56 pm"
1709819770,closed,0,7.318157673,8.93967247,0001,0,"Mar 7, 2:56 pm"
1709819764,closed,0,7.318165302,8.939658165,0001,0,"Mar 7, 2:56 pm"
1709819757,closed,0,7.318198204,8.939656258,0001,0,"Mar 7, 2:55 pm"
1709819750,closed,0,7.318208694,8.939673424,0001,0,"Mar 7, 2:55 pm"
1709819744,closed,0,7.318207264,8.939687729,0001,0,"Mar 7, 2:55 pm"
1709819737,closed,0,7.318215847,8.939687729,0001,0,"Mar 7, 2:55 pm"
1709819731,closed,0,7.318184853,8.939667702,0001,0,"Mar 7, 2:55 pm"
1709819724,closed,0,7.318166256,8.939676285,0001,0,"Mar 7, 2:55 pm"
1709819717,closed,0,7.318156719,8.939684868,0001,0,"Mar 7, 2:55 pm"
1709819711,closed,0,7.318154335,8.939683914,0001,0,"Mar 7, 2:55 pm"
1709819705,closed,0,7.31815052,8.939678192,0001,0,"Mar 7, 2:55 pm"
1709819698,closed,0,7.318161488,8.939691544,0001,0,"Mar 7, 2:54 pm"
1709819692,closed,0,7.318169117,8.939702034,0001,0,"Mar 7, 2:54 pm"
1709819685,closed,0,7.318171501,8.939712524,0001,0,"Mar 7, 2:54 pm"
1709819678,closed,0,7.318170547,8.939724922,0001,0,"Mar 7, 2:54 pm"
1709819672,closed,0,7.318151951,8.939725876,0001,0,"Mar 7, 2:54 pm"
1709819665,closed,0,7.318117142,8.939723969,0001,0,"Mar 7, 2:54 pm"
1709819659,closed,0,7.318115234,8.939736366,0001,0,"Mar 7, 2:54 pm"
1709819653,closed,0,7.318191051,8.939764977,0001,0,"Mar 7, 2:54 pm"
1709819646,closed,0,7.318189621,8.939770699,0001,0,"Mar 7, 2:54 pm"
1709819640,closed,0,7.318209648,8.939775467,0001,0,"Mar 7, 2:54 pm"
1709819633,closed,0,7.318200588,8.939772606,0001,0,"Mar 7, 2:53 pm"
1709819627,closed,0,7.318197727,8.939768791,0001,0,"Mar 7, 2:53 pm"
1709819620,closed,0,7.318175316,8.939758301,0001,0,"Mar 7, 2:53 pm"
1709819614,closed,0,7.318174839,8.939753532,0001,0,"Mar 7, 2:53 pm"
1709819608,closed,0,7.318165779,8.939752579,0001,0,"Mar 7, 2:53 pm"
1709819601,closed,0,7.318171024,8.939740181,0001,0,"Mar 7, 2:53 pm"
1709819595,closed,0,7.318172932,8.939729691,0001,0,"Mar 7, 2:53 pm"
1709819588,closed,0,7.318173885,8.939704895,0001,0,"Mar 7, 2:53 pm"
1709819582,closed,0,7.318183899,8.939697266,0001,0,"Mar 7, 2:53 pm"
1709819576,closed,0,7.318187714,8.939693451,0001,0,"Mar 7, 2:52 pm"
1709819569,closed,0,7.318191528,8.939692497,0001,0,"Mar 7, 2:52 pm"
1709819563,closed,0,7.318183899,8.939689636,0001,0,"Mar 7, 2:52 pm"
1709819556,closed,0,7.318191051,8.939674377,0001,0,"Mar 7, 2:52 pm"
1709819550,closed,0,7.318202019,8.939670563,0001,0,"Mar 7, 2:52 pm"
1709819543,closed,0,7.318223476,8.939664841,0001,0,"Mar 7, 2:52 pm"
1709819537,closed,0,7.318226814,8.939669609,0001,0,"Mar 7, 2:52 pm"
1709819530,closed,0,7.318223,8.939670563,0001,0,"Mar 7, 2:52 pm"
1709819524,closed,0,7.318245888,8.939668655,0001,0,"Mar 7, 2:52 pm"
1709819518,closed,0,7.318301678,8.939649582,0001,0,"Mar 7, 2:51 pm"
1709819511,closed,0,7.31834507,8.939631462,0001,0,"Mar 7, 2:51 pm"
1709819505,closed,0,7.318333149,8.939639091,0001,0,"Mar 7, 2:51 pm"
1709819498,closed,0,7.318330765,8.939661026,0001,0,"Mar 7, 2:51 pm"
1709819492,closed,0,7.318304539,8.939662933,0001,0,"Mar 7, 2:51 pm"
1709819485,closed,0,7.318256378,8.939655304,0001,0,"Mar 7, 2:51 pm"
1709819479,closed,0,7.318234444,8.939640999,0001,0,"Mar 7, 2:51 pm"
1709819472,closed,0,7.318234444,8.939665794,0001,0,"Mar 7, 2:51 pm"
1709819466,closed,0,7.318292141,8.939730644,0001,0,"Mar 7, 2:51 pm"
1709819459,closed,0,7.318315029,8.939745903,0001,0,"Mar 7, 2:50 pm"
1709819453,closed,0,7.318322659,8.939746857,0001,0,"Mar 7, 2:50 pm"
1709819446,closed,0,7.318313122,8.939721107,0001,0,"Mar 7, 2:50 pm"
1709819440,closed,0,7.318331718,8.939763069,0001,0,"Mar 7, 2:50 pm"
1709819433,closed,0,7.318346977,8.939769745,0001,0,"Mar 7, 2:50 pm"
1709819427,closed,0,7.318342686,8.93977356,0001,0,"Mar 7, 2:50 pm"
1709819421,closed,0,7.318291664,8.939725876,0001,0,"Mar 7, 2:50 pm"
1709819414,closed,0,7.318294525,8.939697266,0001,0,"Mar 7, 2:50 pm"
1709819408,closed,0,7.318229198,8.939648628,0001,0,"Mar 7, 2:50 pm"
1709819401,closed,0,7.318169117,8.939630508,0001,0,"Mar 7, 2:50 pm"
1709819395,closed,0,7.318174362,8.93964386,0001,0,"Mar 7, 2:49 pm"
1709819388,closed,0,7.318200588,8.939668655,0001,0,"Mar 7, 2:49 pm"
1709819382,closed,0,7.318131924,8.939714432,0001,0,"Mar 7, 2:49 pm"
1709819376,closed,0,7.318091869,8.939724922,0001,0,"Mar 7, 2:49 pm"
1709819369,closed,0,7.31813097,8.939723015,0001,0,"Mar 7, 2:49 pm"
1709819363,closed,0,7.318141937,8.939718246,0001,0,"Mar 7, 2:49 pm"
1709819356,closed,0,7.318139076,8.939707756,0001,0,"Mar 7, 2:49 pm"
1709819350,closed,0,7.318158627,8.9397192,0001,0,"Mar 7, 2:49 pm"
1709819343,closed,0,7.318198681,8.939731598,0001,0,"Mar 7, 2:49 pm"
1709819337,closed,0,7.318222046,8.939743996,0001,0,"Mar 7, 2:48 pm"
1709819330,closed,0,7.318246365,8.939770699,0001,0,"Mar 7, 2:48 pm"
1709819324,closed,0,7.318259239,8.939781189,0001,0,"Mar 7, 2:48 pm"
1709819317,closed,0,7.318264961,8.939793587,0001,0,"Mar 7, 2:48 pm"
1709819311,closed,0,7.318304062,8.939813614,0001,0,"Mar 7, 2:48 pm"
1709819305,closed,0,7.318348885,8.939847946,0001,0,"Mar 7, 2:48 pm"
1709819298,closed,0,7.318432808,8.939900398,0001,0,"Mar 7, 2:48 pm"
1709819292,closed,0,7.318376541,8.939881325,0001,0,"Mar 7, 2:48 pm"
1709819285,closed,0,7.318352222,8.939842224,0001,0,"Mar 7, 2:48 pm"
1709819279,closed,0,7.318356037,8.939822197,0001,0,"Mar 7, 2:47 pm"
1709819272,closed,0,7.318348408,8.939856529,0001,0,"Mar 7, 2:47 pm"
1709819266,closed,0,7.318330288,8.939853668,0001,0,"Mar 7, 2:47 pm"
1709819259,closed,0,7.318330765,8.93983078,0001,0,"Mar 7, 2:47 pm"
1709819253,closed,0,7.318330765,8.939824104,0001,0,"Mar 7, 2:47 pm"
1709819246,closed,0,7.318332195,8.939789772,0001,0,"Mar 7, 2:47 pm"
1709819239,closed,0,7.318324089,8.939779282,0001,0,"Mar 7, 2:47 pm"
1709819233,closed,0,7.318333626,8.939759254,0001,0,"Mar 7, 2:47 pm"
1709819227,closed,0,7.318339825,8.939759254,0001,0,"Mar 7, 2:47 pm"
1709819220,closed,0,7.318337917,8.939778328,0001,0,"Mar 7, 2:47 pm"
1709819214,closed,0,7.318316936,8.93979454,0001,0,"Mar 7, 2:46 pm"
1709819207,closed,0,7.318309784,8.939785004,0001,0,"Mar 7, 2:46 pm"
1709819201,closed,0,7.318293095,8.939772606,0001,0,"Mar 7, 2:46 pm"
1709819194,closed,0,7.318276405,8.939785004,0001,0,"Mar 7, 2:46 pm"
1709819188,closed,0,7.318241119,8.939789772,0001,0,"Mar 7, 2:46 pm"
1709819181,closed,0,7.318249226,8.939771652,0001,0,"Mar 7, 2:46 pm"
1709819175,closed,0,7.318231106,8.93976593,0001,0,"Mar 7, 2:46 pm"
1709819168,closed,0,7.318209648,8.939789772,0001,0,"Mar 7, 2:46 pm"
1709819162,closed,0,7.318261147,8.939806938,0001,0,"Mar 7, 2:46 pm"
1709819155,closed,0,7.318287373,8.939819336,0001,0,"Mar 7, 2:45 pm"
1709819149,closed,0,7.318291187,8.939810753,0001,0,"Mar 7, 2:45 pm"
1709819142,closed,0,7.31826973,8.939789772,0001,0,"Mar 7, 2:45 pm"
1709819136,closed,0,7.3182621,8.939786911,0001,0,"Mar 7, 2:45 pm"
1709818995,closed,0,7.318268776,8.939787865,0001,0,"Mar 7, 2:43 pm"
1709818988,closed,0,7.318251133,8.939768791,0001,0,"Mar 7, 2:43 pm"
1709818982,closed,0,7.318225861,8.939762115,0001,0,"Mar 7, 2:43 pm"
1709818975,closed,0,7.318235397,8.939748764,0001,0,"Mar 7, 2:42 pm"
1709818969,closed,0,7.318239212,8.939731598,0001,0,"Mar 7, 2:42 pm"
1709818962,closed,0,7.31824398,8.939717293,0001,0,"Mar 7, 2:42 pm"
1709818956,closed,0,7.318229675,8.939720154,0001,0,"Mar 7, 2:42 pm"
1709818949,closed,0,7.31823349,8.93970871,0001,0,"Mar 7, 2:42 pm"
1709818943,closed,0,7.318253994,8.939693451,0001,0,"Mar 7, 2:42 pm"
1709818936,closed,0,7.31824398,8.939698219,0001,0,"Mar 7, 2:42 pm"
1709818930,closed,0,7.31824398,8.939679146,0001,0,"Mar 7, 2:42 pm"
1709818923,closed,0,7.318218231,8.93970108,0001,0,"Mar 7, 2:42 pm"
1709818916,closed,0,7.318194389,8.939709663,0001,0,"Mar 7, 2:41 pm"
1709818910,closed,0,7.318181992,8.939707756,0001,0,"Mar 7, 2:41 pm"
1709818904,closed,0,7.318146229,8.939702034,0001,0,"Mar 7, 2:41 pm"
1709818897,closed,0,7.318140507,8.939711571,0001,0,"Mar 7, 2:41 pm"
1709818891,closed,0,7.31814909,8.939721107,0001,0,"Mar 7, 2:41 pm"
1709818884,closed,0,7.318154812,8.939721107,0001,0,"Mar 7, 2:41 pm"
1709818877,closed,0,7.318170071,8.939723015,0001,0,"Mar 7, 2:41 pm"
1709818871,closed,0,7.3181777,8.939723015,0001,0,"Mar 7, 2:41 pm"
1709818865,closed,0,7.318173409,8.939729691,0001,0,"Mar 7, 2:41 pm"
1709818858,closed,0,7.318193913,8.93973732,0001,0,"Mar 7, 2:40 pm"
1709818851,closed,0,7.318219662,8.939742088,0001,0,"Mar 7, 2:40 pm"
1709818845,closed,0,7.318233013,8.939735413,0001,0,"Mar 7, 2:40 pm"
1709818838,closed,0,7.318256855,8.939735413,0001,0,"Mar 7, 2:40 pm"
1709818832,closed,0,7.318244934,8.939741135,0001,0,"Mar 7, 2:40 pm"
1709818826,closed,0,7.318228722,8.939756393,0001,0,"Mar 7, 2:40 pm"
1709818819,closed,0,7.318212032,8.939776421,0001,0,"Mar 7, 2:40 pm"
1709818812,closed,0,7.318250656,8.939819336,0001,0,"Mar 7, 2:40 pm"
1709818806,closed,0,7.318237305,8.939826012,0001,0,"Mar 7, 2:40 pm"
1709818799,closed,0,7.318200588,8.939822197,0001,0,"Mar 7, 2:39 pm"
1709818793,closed,0,7.318159103,8.939806938,0001,0,"Mar 7, 2:39 pm"
1709818787,closed,0,7.318125725,8.939797401,0001,0,"Mar 7, 2:39 pm"
1709818780,closed,0,7.318174839,8.939829826,0001,0,"Mar 7, 2:39 pm"
1709818774,closed,0,7.318210125,8.939857483,0001,0,"Mar 7, 2:39 pm"
1709818767,closed,0,7.318272591,8.939899445,0001,0,"Mar 7, 2:39 pm"
1709818761,closed,0,7.318273067,8.939884186,0001,0,"Mar 7, 2:39 pm"
1709818754,closed,0,7.318189144,8.939838409,0001,0,"Mar 7, 2:39 pm"
1709818748,closed,0,7.318133831,8.939808846,0001,0,"Mar 7, 2:39 pm"
1709818741,closed,0,7.31805706,8.93976593,0001,0,"Mar 7, 2:39 pm"
1709818735,closed,0,7.318041325,8.939752579,0001,0,"Mar 7, 2:38 pm"
1709818728,closed,0,7.318037987,8.939723969,0001,0,"Mar 7, 2:38 pm"
1709818722,closed,0,7.318040371,8.939695358,0001,0,"Mar 7, 2:38 pm"
1709818715,closed,0,7.318124294,8.939710617,0001,0,"Mar 7, 2:38 pm"
1709818709,closed,0,7.318140507,8.939698219,0001,0,"Mar 7, 2:38 pm"
1709818702,closed,0,7.318159103,8.939711571,0001,0,"Mar 7, 2:38 pm"
1709818696,closed,0,7.318151474,8.939729691,0001,0,"Mar 7, 2:38 pm"
1709818689,closed,0,7.318174362,8.939710617,0001,0,"Mar 7, 2:38 pm"
1709818683,closed,0,7.318181992,8.939682961,0001,0,"Mar 7, 2:38 pm"
1709818676,closed,0,7.318212032,8.939664841,0001,0,"Mar 7, 2:37 pm"
1709818670,closed,0,7.31823349,8.939651489,0001,0,"Mar 7, 2:37 pm"
